<?xml version="1.0" ?>
<annotation>
	<folder>SKU_110K</folder>
	<filename>train_3701.jpg</filename>
	<path>/mnt/hdd10tb/Users/anhvn/SKU110K_fixed/images/train_3701.jpg</path>
	<source>
		<database>Unknown</database>
	</source>
	<size>
		<width>3120</width>
		<height>4160</height>
		<depth>3</depth>
	</size>
	<segmented>0</segmented>
	<object>
		<name>object</name>
		<pose>Unspecified</pose>
		<truncated>0</truncated>
		<difficult>0</difficult>
		<bndbox>
			<xmin>1861</xmin>
			<ymin>1175</ymin>
			<xmax>2122</xmax>
			<ymax>1327</ymax>
		</bndbox>
	</object>
	<object>
		<name>object</name>
		<pose>Unspecified</pose>
		<truncated>0</truncated>
		<difficult>0</difficult>
		<bndbox>
			<xmin>2813</xmin>
			<ymin>2165</ymin>
			<xmax>3093</xmax>
			<ymax>2330</ymax>
		</bndbox>
	</object>
	<object>
		<name>object</name>
		<pose>Unspecified</pose>
		<truncated>0</truncated>
		<difficult>0</difficult>
		<bndbox>
			<xmin>2823</xmin>
			<ymin>1995</ymin>
			<xmax>3093</xmax>
			<ymax>2163</ymax>
		</bndbox>
	</object>
	<object>
		<name>object</name>
		<pose>Unspecified</pose>
		<truncated>0</truncated>
		<difficult>0</difficult>
		<bndbox>
			<xmin>2509</xmin>
			<ymin>1971</ymin>
			<xmax>2812</xmax>
			<ymax>2165</ymax>
		</bndbox>
	</object>
	<object>
		<name>object</name>
		<pose>Unspecified</pose>
		<truncated>0</truncated>
		<difficult>0</difficult>
		<bndbox>
			<xmin>2518</xmin>
			<ymin>2169</ymin>
			<xmax>2813</xmax>
			<ymax>2354</ymax>
		</bndbox>
	</object>
	<object>
		<name>object</name>
		<pose>Unspecified</pose>
		<truncated>0</truncated>
		<difficult>0</difficult>
		<bndbox>
			<xmin>2519</xmin>
			<ymin>2352</ymin>
			<xmax>2814</xmax>
			<ymax>2524</ymax>
		</bndbox>
	</object>
	<object>
		<name>object</name>
		<pose>Unspecified</pose>
		<truncated>0</truncated>
		<difficult>0</difficult>
		<bndbox>
			<xmin>2225</xmin>
			<ymin>2359</ymin>
			<xmax>2508</xmax>
			<ymax>2541</ymax>
		</bndbox>
	</object>
	<object>
		<name>object</name>
		<pose>Unspecified</pose>
		<truncated>0</truncated>
		<difficult>0</difficult>
		<bndbox>
			<xmin>2216</xmin>
			<ymin>2175</ymin>
			<xmax>2509</xmax>
			<ymax>2360</ymax>
		</bndbox>
	</object>
	<object>
		<name>object</name>
		<pose>Unspecified</pose>
		<truncated>0</truncated>
		<difficult>0</difficult>
		<bndbox>
			<xmin>2230</xmin>
			<ymin>1985</ymin>
			<xmax>2505</xmax>
			<ymax>2169</ymax>
		</bndbox>
	</object>
	<object>
		<name>object</name>
		<pose>Unspecified</pose>
		<truncated>0</truncated>
		<difficult>0</difficult>
		<bndbox>
			<xmin>429</xmin>
			<ymin>3297</ymin>
			<xmax>728</xmax>
			<ymax>3467</ymax>
		</bndbox>
	</object>
	<object>
		<name>object</name>
		<pose>Unspecified</pose>
		<truncated>0</truncated>
		<difficult>0</difficult>
		<bndbox>
			<xmin>2469</xmin>
			<ymin>814</ymin>
			<xmax>2760</xmax>
			<ymax>1008</ymax>
		</bndbox>
	</object>
	<object>
		<name>object</name>
		<pose>Unspecified</pose>
		<truncated>0</truncated>
		<difficult>0</difficult>
		<bndbox>
			<xmin>2195</xmin>
			<ymin>408</ymin>
			<xmax>2474</xmax>
			<ymax>624</ymax>
		</bndbox>
	</object>
	<object>
		<name>object</name>
		<pose>Unspecified</pose>
		<truncated>0</truncated>
		<difficult>0</difficult>
		<bndbox>
			<xmin>2195</xmin>
			<ymin>624</ymin>
			<xmax>2464</xmax>
			<ymax>813</ymax>
		</bndbox>
	</object>
	<object>
		<name>object</name>
		<pose>Unspecified</pose>
		<truncated>0</truncated>
		<difficult>0</difficult>
		<bndbox>
			<xmin>2205</xmin>
			<ymin>814</ymin>
			<xmax>2466</xmax>
			<ymax>1018</ymax>
		</bndbox>
	</object>
	<object>
		<name>object</name>
		<pose>Unspecified</pose>
		<truncated>0</truncated>
		<difficult>0</difficult>
		<bndbox>
			<xmin>1925</xmin>
			<ymin>391</ymin>
			<xmax>2197</xmax>
			<ymax>628</ymax>
		</bndbox>
	</object>
	<object>
		<name>object</name>
		<pose>Unspecified</pose>
		<truncated>0</truncated>
		<difficult>0</difficult>
		<bndbox>
			<xmin>1932</xmin>
			<ymin>630</ymin>
			<xmax>2190</xmax>
			<ymax>828</ymax>
		</bndbox>
	</object>
	<object>
		<name>object</name>
		<pose>Unspecified</pose>
		<truncated>0</truncated>
		<difficult>0</difficult>
		<bndbox>
			<xmin>1935</xmin>
			<ymin>831</ymin>
			<xmax>2193</xmax>
			<ymax>1033</ymax>
		</bndbox>
	</object>
	<object>
		<name>object</name>
		<pose>Unspecified</pose>
		<truncated>0</truncated>
		<difficult>0</difficult>
		<bndbox>
			<xmin>1650</xmin>
			<ymin>585</ymin>
			<xmax>1915</xmax>
			<ymax>828</ymax>
		</bndbox>
	</object>
	<object>
		<name>object</name>
		<pose>Unspecified</pose>
		<truncated>0</truncated>
		<difficult>0</difficult>
		<bndbox>
			<xmin>1656</xmin>
			<ymin>829</ymin>
			<xmax>1915</xmax>
			<ymax>1023</ymax>
		</bndbox>
	</object>
	<object>
		<name>object</name>
		<pose>Unspecified</pose>
		<truncated>0</truncated>
		<difficult>0</difficult>
		<bndbox>
			<xmin>1372</xmin>
			<ymin>813</ymin>
			<xmax>1651</xmax>
			<ymax>1007</ymax>
		</bndbox>
	</object>
	<object>
		<name>object</name>
		<pose>Unspecified</pose>
		<truncated>0</truncated>
		<difficult>0</difficult>
		<bndbox>
			<xmin>2813</xmin>
			<ymin>2329</ymin>
			<xmax>3075</xmax>
			<ymax>2517</ymax>
		</bndbox>
	</object>
	<object>
		<name>object</name>
		<pose>Unspecified</pose>
		<truncated>0</truncated>
		<difficult>0</difficult>
		<bndbox>
			<xmin>1362</xmin>
			<ymin>589</ymin>
			<xmax>1649</xmax>
			<ymax>816</ymax>
		</bndbox>
	</object>
	<object>
		<name>object</name>
		<pose>Unspecified</pose>
		<truncated>0</truncated>
		<difficult>0</difficult>
		<bndbox>
			<xmin>753</xmin>
			<ymin>3312</ymin>
			<xmax>1076</xmax>
			<ymax>3581</ymax>
		</bndbox>
	</object>
	<object>
		<name>object</name>
		<pose>Unspecified</pose>
		<truncated>0</truncated>
		<difficult>0</difficult>
		<bndbox>
			<xmin>2474</xmin>
			<ymin>617</ymin>
			<xmax>2755</xmax>
			<ymax>808</ymax>
		</bndbox>
	</object>
	<object>
		<name>object</name>
		<pose>Unspecified</pose>
		<truncated>0</truncated>
		<difficult>0</difficult>
		<bndbox>
			<xmin>2566</xmin>
			<ymin>2687</ymin>
			<xmax>2923</xmax>
			<ymax>2898</ymax>
		</bndbox>
	</object>
	<object>
		<name>object</name>
		<pose>Unspecified</pose>
		<truncated>0</truncated>
		<difficult>0</difficult>
		<bndbox>
			<xmin>60</xmin>
			<ymin>2075</ymin>
			<xmax>355</xmax>
			<ymax>2324</ymax>
		</bndbox>
	</object>
	<object>
		<name>object</name>
		<pose>Unspecified</pose>
		<truncated>0</truncated>
		<difficult>0</difficult>
		<bndbox>
			<xmin>87</xmin>
			<ymin>2324</ymin>
			<xmax>354</xmax>
			<ymax>2534</ymax>
		</bndbox>
	</object>
	<object>
		<name>object</name>
		<pose>Unspecified</pose>
		<truncated>0</truncated>
		<difficult>0</difficult>
		<bndbox>
			<xmin>379</xmin>
			<ymin>2322</ymin>
			<xmax>646</xmax>
			<ymax>2544</ymax>
		</bndbox>
	</object>
	<object>
		<name>object</name>
		<pose>Unspecified</pose>
		<truncated>0</truncated>
		<difficult>0</difficult>
		<bndbox>
			<xmin>678</xmin>
			<ymin>2342</ymin>
			<xmax>988</xmax>
			<ymax>2524</ymax>
		</bndbox>
	</object>
	<object>
		<name>object</name>
		<pose>Unspecified</pose>
		<truncated>0</truncated>
		<difficult>0</difficult>
		<bndbox>
			<xmin>672</xmin>
			<ymin>2113</ymin>
			<xmax>988</xmax>
			<ymax>2344</ymax>
		</bndbox>
	</object>
	<object>
		<name>object</name>
		<pose>Unspecified</pose>
		<truncated>0</truncated>
		<difficult>0</difficult>
		<bndbox>
			<xmin>1023</xmin>
			<ymin>2346</ymin>
			<xmax>1300</xmax>
			<ymax>2534</ymax>
		</bndbox>
	</object>
	<object>
		<name>object</name>
		<pose>Unspecified</pose>
		<truncated>0</truncated>
		<difficult>0</difficult>
		<bndbox>
			<xmin>1007</xmin>
			<ymin>2119</ymin>
			<xmax>1302</xmax>
			<ymax>2344</ymax>
		</bndbox>
	</object>
	<object>
		<name>object</name>
		<pose>Unspecified</pose>
		<truncated>0</truncated>
		<difficult>0</difficult>
		<bndbox>
			<xmin>1312</xmin>
			<ymin>2328</ymin>
			<xmax>1611</xmax>
			<ymax>2534</ymax>
		</bndbox>
	</object>
	<object>
		<name>object</name>
		<pose>Unspecified</pose>
		<truncated>0</truncated>
		<difficult>0</difficult>
		<bndbox>
			<xmin>1636</xmin>
			<ymin>2349</ymin>
			<xmax>1931</xmax>
			<ymax>2529</ymax>
		</bndbox>
	</object>
	<object>
		<name>object</name>
		<pose>Unspecified</pose>
		<truncated>0</truncated>
		<difficult>0</difficult>
		<bndbox>
			<xmin>1624</xmin>
			<ymin>2105</ymin>
			<xmax>1915</xmax>
			<ymax>2344</ymax>
		</bndbox>
	</object>
	<object>
		<name>object</name>
		<pose>Unspecified</pose>
		<truncated>0</truncated>
		<difficult>0</difficult>
		<bndbox>
			<xmin>1940</xmin>
			<ymin>2365</ymin>
			<xmax>2190</xmax>
			<ymax>2529</ymax>
		</bndbox>
	</object>
	<object>
		<name>object</name>
		<pose>Unspecified</pose>
		<truncated>0</truncated>
		<difficult>0</difficult>
		<bndbox>
			<xmin>1936</xmin>
			<ymin>2161</ymin>
			<xmax>2190</xmax>
			<ymax>2364</ymax>
		</bndbox>
	</object>
	<object>
		<name>object</name>
		<pose>Unspecified</pose>
		<truncated>0</truncated>
		<difficult>0</difficult>
		<bndbox>
			<xmin>1935</xmin>
			<ymin>1984</ymin>
			<xmax>2217</xmax>
			<ymax>2160</ymax>
		</bndbox>
	</object>
	<object>
		<name>object</name>
		<pose>Unspecified</pose>
		<truncated>0</truncated>
		<difficult>0</difficult>
		<bndbox>
			<xmin>2938</xmin>
			<ymin>2693</ymin>
			<xmax>3121</xmax>
			<ymax>2908</ymax>
		</bndbox>
	</object>
	<object>
		<name>object</name>
		<pose>Unspecified</pose>
		<truncated>0</truncated>
		<difficult>0</difficult>
		<bndbox>
			<xmin>2943</xmin>
			<ymin>2919</ymin>
			<xmax>3122</xmax>
			<ymax>3113</ymax>
		</bndbox>
	</object>
	<object>
		<name>object</name>
		<pose>Unspecified</pose>
		<truncated>0</truncated>
		<difficult>0</difficult>
		<bndbox>
			<xmin>2792</xmin>
			<ymin>392</ymin>
			<xmax>3028</xmax>
			<ymax>624</ymax>
		</bndbox>
	</object>
	<object>
		<name>object</name>
		<pose>Unspecified</pose>
		<truncated>0</truncated>
		<difficult>0</difficult>
		<bndbox>
			<xmin>2768</xmin>
			<ymin>622</ymin>
			<xmax>3026</xmax>
			<ymax>813</ymax>
		</bndbox>
	</object>
	<object>
		<name>object</name>
		<pose>Unspecified</pose>
		<truncated>0</truncated>
		<difficult>0</difficult>
		<bndbox>
			<xmin>2479</xmin>
			<ymin>392</ymin>
			<xmax>2768</xmax>
			<ymax>614</ymax>
		</bndbox>
	</object>
	<object>
		<name>object</name>
		<pose>Unspecified</pose>
		<truncated>0</truncated>
		<difficult>0</difficult>
		<bndbox>
			<xmin>2758</xmin>
			<ymin>818</ymin>
			<xmax>3014</xmax>
			<ymax>1008</ymax>
		</bndbox>
	</object>
	<object>
		<name>object</name>
		<pose>Unspecified</pose>
		<truncated>0</truncated>
		<difficult>0</difficult>
		<bndbox>
			<xmin>1111</xmin>
			<ymin>597</ymin>
			<xmax>1367</xmax>
			<ymax>828</ymax>
		</bndbox>
	</object>
	<object>
		<name>object</name>
		<pose>Unspecified</pose>
		<truncated>0</truncated>
		<difficult>0</difficult>
		<bndbox>
			<xmin>1122</xmin>
			<ymin>824</ymin>
			<xmax>1358</xmax>
			<ymax>1028</ymax>
		</bndbox>
	</object>
	<object>
		<name>object</name>
		<pose>Unspecified</pose>
		<truncated>0</truncated>
		<difficult>0</difficult>
		<bndbox>
			<xmin>827</xmin>
			<ymin>593</ymin>
			<xmax>1092</xmax>
			<ymax>828</ymax>
		</bndbox>
	</object>
	<object>
		<name>object</name>
		<pose>Unspecified</pose>
		<truncated>0</truncated>
		<difficult>0</difficult>
		<bndbox>
			<xmin>798</xmin>
			<ymin>2923</ymin>
			<xmax>1165</xmax>
			<ymax>3152</ymax>
		</bndbox>
	</object>
	<object>
		<name>object</name>
		<pose>Unspecified</pose>
		<truncated>0</truncated>
		<difficult>0</difficult>
		<bndbox>
			<xmin>765</xmin>
			<ymin>2702</ymin>
			<xmax>1152</xmax>
			<ymax>2923</ymax>
		</bndbox>
	</object>
	<object>
		<name>object</name>
		<pose>Unspecified</pose>
		<truncated>0</truncated>
		<difficult>0</difficult>
		<bndbox>
			<xmin>342</xmin>
			<ymin>2699</ymin>
			<xmax>763</xmax>
			<ymax>2870</ymax>
		</bndbox>
	</object>
	<object>
		<name>object</name>
		<pose>Unspecified</pose>
		<truncated>0</truncated>
		<difficult>0</difficult>
		<bndbox>
			<xmin>1182</xmin>
			<ymin>2929</ymin>
			<xmax>1545</xmax>
			<ymax>3122</ymax>
		</bndbox>
	</object>
	<object>
		<name>object</name>
		<pose>Unspecified</pose>
		<truncated>0</truncated>
		<difficult>0</difficult>
		<bndbox>
			<xmin>1157</xmin>
			<ymin>2693</ymin>
			<xmax>1546</xmax>
			<ymax>2928</ymax>
		</bndbox>
	</object>
	<object>
		<name>object</name>
		<pose>Unspecified</pose>
		<truncated>0</truncated>
		<difficult>0</difficult>
		<bndbox>
			<xmin>569</xmin>
			<ymin>838</ymin>
			<xmax>814</xmax>
			<ymax>1028</ymax>
		</bndbox>
	</object>
	<object>
		<name>object</name>
		<pose>Unspecified</pose>
		<truncated>0</truncated>
		<difficult>0</difficult>
		<bndbox>
			<xmin>15</xmin>
			<ymin>331</ymin>
			<xmax>424</xmax>
			<ymax>459</ymax>
		</bndbox>
	</object>
	<object>
		<name>object</name>
		<pose>Unspecified</pose>
		<truncated>0</truncated>
		<difficult>0</difficult>
		<bndbox>
			<xmin>23</xmin>
			<ymin>475</ymin>
			<xmax>314</xmax>
			<ymax>549</ymax>
		</bndbox>
	</object>
	<object>
		<name>object</name>
		<pose>Unspecified</pose>
		<truncated>0</truncated>
		<difficult>0</difficult>
		<bndbox>
			<xmin>5</xmin>
			<ymin>547</ymin>
			<xmax>288</xmax>
			<ymax>788</ymax>
		</bndbox>
	</object>
	<object>
		<name>object</name>
		<pose>Unspecified</pose>
		<truncated>0</truncated>
		<difficult>0</difficult>
		<bndbox>
			<xmin>6</xmin>
			<ymin>796</ymin>
			<xmax>309</xmax>
			<ymax>1008</ymax>
		</bndbox>
	</object>
	<object>
		<name>object</name>
		<pose>Unspecified</pose>
		<truncated>0</truncated>
		<difficult>0</difficult>
		<bndbox>
			<xmin>322</xmin>
			<ymin>638</ymin>
			<xmax>564</xmax>
			<ymax>848</ymax>
		</bndbox>
	</object>
	<object>
		<name>object</name>
		<pose>Unspecified</pose>
		<truncated>0</truncated>
		<difficult>0</difficult>
		<bndbox>
			<xmin>314</xmin>
			<ymin>847</ymin>
			<xmax>564</xmax>
			<ymax>1023</ymax>
		</bndbox>
	</object>
	<object>
		<name>object</name>
		<pose>Unspecified</pose>
		<truncated>0</truncated>
		<difficult>0</difficult>
		<bndbox>
			<xmin>2150</xmin>
			<ymin>1352</ymin>
			<xmax>2429</xmax>
			<ymax>1521</ymax>
		</bndbox>
	</object>
	<object>
		<name>object</name>
		<pose>Unspecified</pose>
		<truncated>0</truncated>
		<difficult>0</difficult>
		<bndbox>
			<xmin>2149</xmin>
			<ymin>1523</ymin>
			<xmax>2414</xmax>
			<ymax>1711</ymax>
		</bndbox>
	</object>
	<object>
		<name>object</name>
		<pose>Unspecified</pose>
		<truncated>0</truncated>
		<difficult>0</difficult>
		<bndbox>
			<xmin>2439</xmin>
			<ymin>1343</ymin>
			<xmax>2691</xmax>
			<ymax>1516</ymax>
		</bndbox>
	</object>
	<object>
		<name>object</name>
		<pose>Unspecified</pose>
		<truncated>0</truncated>
		<difficult>0</difficult>
		<bndbox>
			<xmin>2438</xmin>
			<ymin>1515</ymin>
			<xmax>2694</xmax>
			<ymax>1711</ymax>
		</bndbox>
	</object>
	<object>
		<name>object</name>
		<pose>Unspecified</pose>
		<truncated>0</truncated>
		<difficult>0</difficult>
		<bndbox>
			<xmin>2696</xmin>
			<ymin>1427</ymin>
			<xmax>3013</xmax>
			<ymax>1712</ymax>
		</bndbox>
	</object>
	<object>
		<name>object</name>
		<pose>Unspecified</pose>
		<truncated>0</truncated>
		<difficult>0</difficult>
		<bndbox>
			<xmin>2723</xmin>
			<ymin>1217</ymin>
			<xmax>3015</xmax>
			<ymax>1421</ymax>
		</bndbox>
	</object>
	<object>
		<name>object</name>
		<pose>Unspecified</pose>
		<truncated>0</truncated>
		<difficult>0</difficult>
		<bndbox>
			<xmin>2469</xmin>
			<ymin>1160</ymin>
			<xmax>2724</xmax>
			<ymax>1342</ymax>
		</bndbox>
	</object>
	<object>
		<name>object</name>
		<pose>Unspecified</pose>
		<truncated>0</truncated>
		<difficult>0</difficult>
		<bndbox>
			<xmin>324</xmin>
			<ymin>2903</ymin>
			<xmax>767</xmax>
			<ymax>3144</ymax>
		</bndbox>
	</object>
	<object>
		<name>object</name>
		<pose>Unspecified</pose>
		<truncated>0</truncated>
		<difficult>0</difficult>
		<bndbox>
			<xmin>10</xmin>
			<ymin>2737</ymin>
			<xmax>223</xmax>
			<ymax>2983</ymax>
		</bndbox>
	</object>
	<object>
		<name>object</name>
		<pose>Unspecified</pose>
		<truncated>0</truncated>
		<difficult>0</difficult>
		<bndbox>
			<xmin>3</xmin>
			<ymin>2987</ymin>
			<xmax>304</xmax>
			<ymax>3152</ymax>
		</bndbox>
	</object>
	<object>
		<name>object</name>
		<pose>Unspecified</pose>
		<truncated>0</truncated>
		<difficult>0</difficult>
		<bndbox>
			<xmin>2792</xmin>
			<ymin>3385</ymin>
			<xmax>3108</xmax>
			<ymax>3646</ymax>
		</bndbox>
	</object>
	<object>
		<name>object</name>
		<pose>Unspecified</pose>
		<truncated>0</truncated>
		<difficult>0</difficult>
		<bndbox>
			<xmin>828</xmin>
			<ymin>828</ymin>
			<xmax>1095</xmax>
			<ymax>1028</ymax>
		</bndbox>
	</object>
	<object>
		<name>object</name>
		<pose>Unspecified</pose>
		<truncated>0</truncated>
		<difficult>0</difficult>
		<bndbox>
			<xmin>570</xmin>
			<ymin>634</ymin>
			<xmax>813</xmax>
			<ymax>838</ymax>
		</bndbox>
	</object>
	<object>
		<name>object</name>
		<pose>Unspecified</pose>
		<truncated>0</truncated>
		<difficult>0</difficult>
		<bndbox>
			<xmin>1077</xmin>
			<ymin>3565</ymin>
			<xmax>1397</xmax>
			<ymax>3851</ymax>
		</bndbox>
	</object>
	<object>
		<name>object</name>
		<pose>Unspecified</pose>
		<truncated>0</truncated>
		<difficult>0</difficult>
		<bndbox>
			<xmin>1079</xmin>
			<ymin>3299</ymin>
			<xmax>1397</xmax>
			<ymax>3566</ymax>
		</bndbox>
	</object>
	<object>
		<name>object</name>
		<pose>Unspecified</pose>
		<truncated>0</truncated>
		<difficult>0</difficult>
		<bndbox>
			<xmin>1402</xmin>
			<ymin>3576</ymin>
			<xmax>1715</xmax>
			<ymax>3846</ymax>
		</bndbox>
	</object>
	<object>
		<name>object</name>
		<pose>Unspecified</pose>
		<truncated>0</truncated>
		<difficult>0</difficult>
		<bndbox>
			<xmin>1405</xmin>
			<ymin>3285</ymin>
			<xmax>1716</xmax>
			<ymax>3576</ymax>
		</bndbox>
	</object>
	<object>
		<name>object</name>
		<pose>Unspecified</pose>
		<truncated>0</truncated>
		<difficult>0</difficult>
		<bndbox>
			<xmin>1716</xmin>
			<ymin>3638</ymin>
			<xmax>1921</xmax>
			<ymax>3796</ymax>
		</bndbox>
	</object>
	<object>
		<name>object</name>
		<pose>Unspecified</pose>
		<truncated>0</truncated>
		<difficult>0</difficult>
		<bndbox>
			<xmin>1741</xmin>
			<ymin>3330</ymin>
			<xmax>1942</xmax>
			<ymax>3631</ymax>
		</bndbox>
	</object>
	<object>
		<name>object</name>
		<pose>Unspecified</pose>
		<truncated>0</truncated>
		<difficult>0</difficult>
		<bndbox>
			<xmin>1950</xmin>
			<ymin>3317</ymin>
			<xmax>2168</xmax>
			<ymax>3497</ymax>
		</bndbox>
	</object>
	<object>
		<name>object</name>
		<pose>Unspecified</pose>
		<truncated>0</truncated>
		<difficult>0</difficult>
		<bndbox>
			<xmin>2554</xmin>
			<ymin>2900</ymin>
			<xmax>2931</xmax>
			<ymax>3137</ymax>
		</bndbox>
	</object>
	<object>
		<name>object</name>
		<pose>Unspecified</pose>
		<truncated>0</truncated>
		<difficult>0</difficult>
		<bndbox>
			<xmin>2170</xmin>
			<ymin>3317</ymin>
			<xmax>2421</xmax>
			<ymax>3548</ymax>
		</bndbox>
	</object>
	<object>
		<name>object</name>
		<pose>Unspecified</pose>
		<truncated>0</truncated>
		<difficult>0</difficult>
		<bndbox>
			<xmin>2185</xmin>
			<ymin>3706</ymin>
			<xmax>2452</xmax>
			<ymax>3862</ymax>
		</bndbox>
	</object>
	<object>
		<name>object</name>
		<pose>Unspecified</pose>
		<truncated>0</truncated>
		<difficult>0</difficult>
		<bndbox>
			<xmin>2454</xmin>
			<ymin>3647</ymin>
			<xmax>2805</xmax>
			<ymax>3861</ymax>
		</bndbox>
	</object>
	<object>
		<name>object</name>
		<pose>Unspecified</pose>
		<truncated>0</truncated>
		<difficult>0</difficult>
		<bndbox>
			<xmin>2430</xmin>
			<ymin>3319</ymin>
			<xmax>2783</xmax>
			<ymax>3646</ymax>
		</bndbox>
	</object>
	<object>
		<name>object</name>
		<pose>Unspecified</pose>
		<truncated>0</truncated>
		<difficult>0</difficult>
		<bndbox>
			<xmin>1929</xmin>
			<ymin>3691</ymin>
			<xmax>2195</xmax>
			<ymax>3841</ymax>
		</bndbox>
	</object>
	<object>
		<name>object</name>
		<pose>Unspecified</pose>
		<truncated>0</truncated>
		<difficult>0</difficult>
		<bndbox>
			<xmin>1955</xmin>
			<ymin>3510</ymin>
			<xmax>2163</xmax>
			<ymax>3671</ymax>
		</bndbox>
	</object>
	<object>
		<name>object</name>
		<pose>Unspecified</pose>
		<truncated>0</truncated>
		<difficult>0</difficult>
		<bndbox>
			<xmin>2813</xmin>
			<ymin>3644</ymin>
			<xmax>3109</xmax>
			<ymax>3846</ymax>
		</bndbox>
	</object>
	<object>
		<name>object</name>
		<pose>Unspecified</pose>
		<truncated>0</truncated>
		<difficult>0</difficult>
		<bndbox>
			<xmin>499</xmin>
			<ymin>3466</ymin>
			<xmax>740</xmax>
			<ymax>3721</ymax>
		</bndbox>
	</object>
	<object>
		<name>object</name>
		<pose>Unspecified</pose>
		<truncated>0</truncated>
		<difficult>0</difficult>
		<bndbox>
			<xmin>110</xmin>
			<ymin>3581</ymin>
			<xmax>425</xmax>
			<ymax>3863</ymax>
		</bndbox>
	</object>
	<object>
		<name>object</name>
		<pose>Unspecified</pose>
		<truncated>0</truncated>
		<difficult>0</difficult>
		<bndbox>
			<xmin>70</xmin>
			<ymin>3305</ymin>
			<xmax>269</xmax>
			<ymax>3556</ymax>
		</bndbox>
	</object>
	<object>
		<name>object</name>
		<pose>Unspecified</pose>
		<truncated>0</truncated>
		<difficult>0</difficult>
		<bndbox>
			<xmin>2182</xmin>
			<ymin>3546</ymin>
			<xmax>2419</xmax>
			<ymax>3704</ymax>
		</bndbox>
	</object>
	<object>
		<name>object</name>
		<pose>Unspecified</pose>
		<truncated>0</truncated>
		<difficult>0</difficult>
		<bndbox>
			<xmin>778</xmin>
			<ymin>3581</ymin>
			<xmax>1077</xmax>
			<ymax>3845</ymax>
		</bndbox>
	</object>
	<object>
		<name>object</name>
		<pose>Unspecified</pose>
		<truncated>0</truncated>
		<difficult>0</difficult>
		<bndbox>
			<xmin>1331</xmin>
			<ymin>2106</ymin>
			<xmax>1616</xmax>
			<ymax>2329</ymax>
		</bndbox>
	</object>
	<object>
		<name>object</name>
		<pose>Unspecified</pose>
		<truncated>0</truncated>
		<difficult>0</difficult>
		<bndbox>
			<xmin>624</xmin>
			<ymin>1175</ymin>
			<xmax>897</xmax>
			<ymax>1317</ymax>
		</bndbox>
	</object>
	<object>
		<name>object</name>
		<pose>Unspecified</pose>
		<truncated>0</truncated>
		<difficult>0</difficult>
		<bndbox>
			<xmin>364</xmin>
			<ymin>1492</ymin>
			<xmax>620</xmax>
			<ymax>1696</ymax>
		</bndbox>
	</object>
	<object>
		<name>object</name>
		<pose>Unspecified</pose>
		<truncated>0</truncated>
		<difficult>0</difficult>
		<bndbox>
			<xmin>15</xmin>
			<ymin>1456</ymin>
			<xmax>334</xmax>
			<ymax>1692</ymax>
		</bndbox>
	</object>
	<object>
		<name>object</name>
		<pose>Unspecified</pose>
		<truncated>0</truncated>
		<difficult>0</difficult>
		<bndbox>
			<xmin>5</xmin>
			<ymin>1182</ymin>
			<xmax>334</xmax>
			<ymax>1456</ymax>
		</bndbox>
	</object>
	<object>
		<name>object</name>
		<pose>Unspecified</pose>
		<truncated>0</truncated>
		<difficult>0</difficult>
		<bndbox>
			<xmin>365</xmin>
			<ymin>1282</ymin>
			<xmax>619</xmax>
			<ymax>1491</ymax>
		</bndbox>
	</object>
	<object>
		<name>object</name>
		<pose>Unspecified</pose>
		<truncated>0</truncated>
		<difficult>0</difficult>
		<bndbox>
			<xmin>633</xmin>
			<ymin>1532</ymin>
			<xmax>893</xmax>
			<ymax>1696</ymax>
		</bndbox>
	</object>
	<object>
		<name>object</name>
		<pose>Unspecified</pose>
		<truncated>0</truncated>
		<difficult>0</difficult>
		<bndbox>
			<xmin>624</xmin>
			<ymin>1314</ymin>
			<xmax>893</xmax>
			<ymax>1531</ymax>
		</bndbox>
	</object>
	<object>
		<name>object</name>
		<pose>Unspecified</pose>
		<truncated>0</truncated>
		<difficult>0</difficult>
		<bndbox>
			<xmin>918</xmin>
			<ymin>1177</ymin>
			<xmax>1201</xmax>
			<ymax>1305</ymax>
		</bndbox>
	</object>
	<object>
		<name>object</name>
		<pose>Unspecified</pose>
		<truncated>0</truncated>
		<difficult>0</difficult>
		<bndbox>
			<xmin>907</xmin>
			<ymin>1302</ymin>
			<xmax>1202</xmax>
			<ymax>1525</ymax>
		</bndbox>
	</object>
	<object>
		<name>object</name>
		<pose>Unspecified</pose>
		<truncated>0</truncated>
		<difficult>0</difficult>
		<bndbox>
			<xmin>923</xmin>
			<ymin>1541</ymin>
			<xmax>1202</xmax>
			<ymax>1707</ymax>
		</bndbox>
	</object>
	<object>
		<name>object</name>
		<pose>Unspecified</pose>
		<truncated>0</truncated>
		<difficult>0</difficult>
		<bndbox>
			<xmin>1222</xmin>
			<ymin>1480</ymin>
			<xmax>1523</xmax>
			<ymax>1706</ymax>
		</bndbox>
	</object>
	<object>
		<name>object</name>
		<pose>Unspecified</pose>
		<truncated>0</truncated>
		<difficult>0</difficult>
		<bndbox>
			<xmin>1214</xmin>
			<ymin>1221</ymin>
			<xmax>1491</xmax>
			<ymax>1466</ymax>
		</bndbox>
	</object>
	<object>
		<name>object</name>
		<pose>Unspecified</pose>
		<truncated>0</truncated>
		<difficult>0</difficult>
		<bndbox>
			<xmin>1531</xmin>
			<ymin>1276</ymin>
			<xmax>1801</xmax>
			<ymax>1531</ymax>
		</bndbox>
	</object>
	<object>
		<name>object</name>
		<pose>Unspecified</pose>
		<truncated>0</truncated>
		<difficult>0</difficult>
		<bndbox>
			<xmin>1526</xmin>
			<ymin>1536</ymin>
			<xmax>1802</xmax>
			<ymax>1688</ymax>
		</bndbox>
	</object>
	<object>
		<name>object</name>
		<pose>Unspecified</pose>
		<truncated>0</truncated>
		<difficult>0</difficult>
		<bndbox>
			<xmin>1839</xmin>
			<ymin>1325</ymin>
			<xmax>2150</xmax>
			<ymax>1516</ymax>
		</bndbox>
	</object>
	<object>
		<name>object</name>
		<pose>Unspecified</pose>
		<truncated>0</truncated>
		<difficult>0</difficult>
		<bndbox>
			<xmin>2140</xmin>
			<ymin>1172</ymin>
			<xmax>2453</xmax>
			<ymax>1344</ymax>
		</bndbox>
	</object>
	<object>
		<name>object</name>
		<pose>Unspecified</pose>
		<truncated>0</truncated>
		<difficult>0</difficult>
		<bndbox>
			<xmin>1851</xmin>
			<ymin>1517</ymin>
			<xmax>2148</xmax>
			<ymax>1711</ymax>
		</bndbox>
	</object>
	<object>
		<name>object</name>
		<pose>Unspecified</pose>
		<truncated>0</truncated>
		<difficult>0</difficult>
		<bndbox>
			<xmin>1546</xmin>
			<ymin>2920</ymin>
			<xmax>1931</xmax>
			<ymax>3127</ymax>
		</bndbox>
	</object>
	<object>
		<name>object</name>
		<pose>Unspecified</pose>
		<truncated>0</truncated>
		<difficult>0</difficult>
		<bndbox>
			<xmin>1559</xmin>
			<ymin>2680</ymin>
			<xmax>1930</xmax>
			<ymax>2923</ymax>
		</bndbox>
	</object>
	<object>
		<name>object</name>
		<pose>Unspecified</pose>
		<truncated>0</truncated>
		<difficult>0</difficult>
		<bndbox>
			<xmin>1945</xmin>
			<ymin>2943</ymin>
			<xmax>2215</xmax>
			<ymax>3122</ymax>
		</bndbox>
	</object>
	<object>
		<name>object</name>
		<pose>Unspecified</pose>
		<truncated>0</truncated>
		<difficult>0</difficult>
		<bndbox>
			<xmin>2230</xmin>
			<ymin>2933</ymin>
			<xmax>2523</xmax>
			<ymax>3132</ymax>
		</bndbox>
	</object>
	<object>
		<name>object</name>
		<pose>Unspecified</pose>
		<truncated>0</truncated>
		<difficult>0</difficult>
		<bndbox>
			<xmin>2278</xmin>
			<ymin>2680</ymin>
			<xmax>2549</xmax>
			<ymax>2933</ymax>
		</bndbox>
	</object>
	<object>
		<name>object</name>
		<pose>Unspecified</pose>
		<truncated>0</truncated>
		<difficult>0</difficult>
		<bndbox>
			<xmin>1978</xmin>
			<ymin>2679</ymin>
			<xmax>2280</xmax>
			<ymax>2934</ymax>
		</bndbox>
	</object>
</annotation>
