<?xml version="1.0" ?>
<annotation>
	<folder>SKU_110K</folder>
	<filename>train_1249.jpg</filename>
	<path>/mnt/hdd10tb/Users/anhvn/SKU110K_fixed/images/train_1249.jpg</path>
	<source>
		<database>Unknown</database>
	</source>
	<size>
		<width>3024</width>
		<height>3024</height>
		<depth>3</depth>
	</size>
	<segmented>0</segmented>
	<object>
		<name>object</name>
		<pose>Unspecified</pose>
		<truncated>0</truncated>
		<difficult>0</difficult>
		<bndbox>
			<xmin>2303</xmin>
			<ymin>2083</ymin>
			<xmax>2373</xmax>
			<ymax>2251</ymax>
		</bndbox>
	</object>
	<object>
		<name>object</name>
		<pose>Unspecified</pose>
		<truncated>0</truncated>
		<difficult>0</difficult>
		<bndbox>
			<xmin>2223</xmin>
			<ymin>2088</ymin>
			<xmax>2298</xmax>
			<ymax>2248</ymax>
		</bndbox>
	</object>
	<object>
		<name>object</name>
		<pose>Unspecified</pose>
		<truncated>0</truncated>
		<difficult>0</difficult>
		<bndbox>
			<xmin>2389</xmin>
			<ymin>1252</ymin>
			<xmax>2423</xmax>
			<ymax>1541</ymax>
		</bndbox>
	</object>
	<object>
		<name>object</name>
		<pose>Unspecified</pose>
		<truncated>0</truncated>
		<difficult>0</difficult>
		<bndbox>
			<xmin>2455</xmin>
			<ymin>2082</ymin>
			<xmax>2532</xmax>
			<ymax>2237</ymax>
		</bndbox>
	</object>
	<object>
		<name>object</name>
		<pose>Unspecified</pose>
		<truncated>0</truncated>
		<difficult>0</difficult>
		<bndbox>
			<xmin>492</xmin>
			<ymin>2726</ymin>
			<xmax>589</xmax>
			<ymax>2910</ymax>
		</bndbox>
	</object>
	<object>
		<name>object</name>
		<pose>Unspecified</pose>
		<truncated>0</truncated>
		<difficult>0</difficult>
		<bndbox>
			<xmin>961</xmin>
			<ymin>2428</ymin>
			<xmax>1047</xmax>
			<ymax>2635</ymax>
		</bndbox>
	</object>
	<object>
		<name>object</name>
		<pose>Unspecified</pose>
		<truncated>0</truncated>
		<difficult>0</difficult>
		<bndbox>
			<xmin>1047</xmin>
			<ymin>2426</ymin>
			<xmax>1133</xmax>
			<ymax>2636</ymax>
		</bndbox>
	</object>
	<object>
		<name>object</name>
		<pose>Unspecified</pose>
		<truncated>0</truncated>
		<difficult>0</difficult>
		<bndbox>
			<xmin>1137</xmin>
			<ymin>2424</ymin>
			<xmax>1229</xmax>
			<ymax>2632</ymax>
		</bndbox>
	</object>
	<object>
		<name>object</name>
		<pose>Unspecified</pose>
		<truncated>0</truncated>
		<difficult>0</difficult>
		<bndbox>
			<xmin>1231</xmin>
			<ymin>2421</ymin>
			<xmax>1313</xmax>
			<ymax>2631</ymax>
		</bndbox>
	</object>
	<object>
		<name>object</name>
		<pose>Unspecified</pose>
		<truncated>0</truncated>
		<difficult>0</difficult>
		<bndbox>
			<xmin>1314</xmin>
			<ymin>2417</ymin>
			<xmax>1396</xmax>
			<ymax>2622</ymax>
		</bndbox>
	</object>
	<object>
		<name>object</name>
		<pose>Unspecified</pose>
		<truncated>0</truncated>
		<difficult>0</difficult>
		<bndbox>
			<xmin>1436</xmin>
			<ymin>2615</ymin>
			<xmax>1548</xmax>
			<ymax>2843</ymax>
		</bndbox>
	</object>
	<object>
		<name>object</name>
		<pose>Unspecified</pose>
		<truncated>0</truncated>
		<difficult>0</difficult>
		<bndbox>
			<xmin>1557</xmin>
			<ymin>2603</ymin>
			<xmax>1662</xmax>
			<ymax>2844</ymax>
		</bndbox>
	</object>
	<object>
		<name>object</name>
		<pose>Unspecified</pose>
		<truncated>0</truncated>
		<difficult>0</difficult>
		<bndbox>
			<xmin>1668</xmin>
			<ymin>2611</ymin>
			<xmax>1755</xmax>
			<ymax>2825</ymax>
		</bndbox>
	</object>
	<object>
		<name>object</name>
		<pose>Unspecified</pose>
		<truncated>0</truncated>
		<difficult>0</difficult>
		<bndbox>
			<xmin>1758</xmin>
			<ymin>2601</ymin>
			<xmax>1856</xmax>
			<ymax>2823</ymax>
		</bndbox>
	</object>
	<object>
		<name>object</name>
		<pose>Unspecified</pose>
		<truncated>0</truncated>
		<difficult>0</difficult>
		<bndbox>
			<xmin>1578</xmin>
			<ymin>2372</ymin>
			<xmax>1683</xmax>
			<ymax>2508</ymax>
		</bndbox>
	</object>
	<object>
		<name>object</name>
		<pose>Unspecified</pose>
		<truncated>0</truncated>
		<difficult>0</difficult>
		<bndbox>
			<xmin>1939</xmin>
			<ymin>2327</ymin>
			<xmax>2032</xmax>
			<ymax>2551</ymax>
		</bndbox>
	</object>
	<object>
		<name>object</name>
		<pose>Unspecified</pose>
		<truncated>0</truncated>
		<difficult>0</difficult>
		<bndbox>
			<xmin>395</xmin>
			<ymin>2726</ymin>
			<xmax>489</xmax>
			<ymax>2910</ymax>
		</bndbox>
	</object>
	<object>
		<name>object</name>
		<pose>Unspecified</pose>
		<truncated>0</truncated>
		<difficult>0</difficult>
		<bndbox>
			<xmin>2039</xmin>
			<ymin>2326</ymin>
			<xmax>2116</xmax>
			<ymax>2552</ymax>
		</bndbox>
	</object>
	<object>
		<name>object</name>
		<pose>Unspecified</pose>
		<truncated>0</truncated>
		<difficult>0</difficult>
		<bndbox>
			<xmin>1876</xmin>
			<ymin>2587</ymin>
			<xmax>1974</xmax>
			<ymax>2818</ymax>
		</bndbox>
	</object>
	<object>
		<name>object</name>
		<pose>Unspecified</pose>
		<truncated>0</truncated>
		<difficult>0</difficult>
		<bndbox>
			<xmin>1980</xmin>
			<ymin>2568</ymin>
			<xmax>2067</xmax>
			<ymax>2816</ymax>
		</bndbox>
	</object>
	<object>
		<name>object</name>
		<pose>Unspecified</pose>
		<truncated>0</truncated>
		<difficult>0</difficult>
		<bndbox>
			<xmin>2072</xmin>
			<ymin>2566</ymin>
			<xmax>2177</xmax>
			<ymax>2802</ymax>
		</bndbox>
	</object>
	<object>
		<name>object</name>
		<pose>Unspecified</pose>
		<truncated>0</truncated>
		<difficult>0</difficult>
		<bndbox>
			<xmin>2180</xmin>
			<ymin>2557</ymin>
			<xmax>2280</xmax>
			<ymax>2799</ymax>
		</bndbox>
	</object>
	<object>
		<name>object</name>
		<pose>Unspecified</pose>
		<truncated>0</truncated>
		<difficult>0</difficult>
		<bndbox>
			<xmin>2299</xmin>
			<ymin>2559</ymin>
			<xmax>2401</xmax>
			<ymax>2801</ymax>
		</bndbox>
	</object>
	<object>
		<name>object</name>
		<pose>Unspecified</pose>
		<truncated>0</truncated>
		<difficult>0</difficult>
		<bndbox>
			<xmin>2407</xmin>
			<ymin>2556</ymin>
			<xmax>2493</xmax>
			<ymax>2792</ymax>
		</bndbox>
	</object>
	<object>
		<name>object</name>
		<pose>Unspecified</pose>
		<truncated>0</truncated>
		<difficult>0</difficult>
		<bndbox>
			<xmin>2493</xmin>
			<ymin>2556</ymin>
			<xmax>2578</xmax>
			<ymax>2788</ymax>
		</bndbox>
	</object>
	<object>
		<name>object</name>
		<pose>Unspecified</pose>
		<truncated>0</truncated>
		<difficult>0</difficult>
		<bndbox>
			<xmin>2587</xmin>
			<ymin>2549</ymin>
			<xmax>2682</xmax>
			<ymax>2788</ymax>
		</bndbox>
	</object>
	<object>
		<name>object</name>
		<pose>Unspecified</pose>
		<truncated>0</truncated>
		<difficult>0</difficult>
		<bndbox>
			<xmin>2689</xmin>
			<ymin>2528</ymin>
			<xmax>2767</xmax>
			<ymax>2778</ymax>
		</bndbox>
	</object>
	<object>
		<name>object</name>
		<pose>Unspecified</pose>
		<truncated>0</truncated>
		<difficult>0</difficult>
		<bndbox>
			<xmin>2545</xmin>
			<ymin>2320</ymin>
			<xmax>2630</xmax>
			<ymax>2402</ymax>
		</bndbox>
	</object>
	<object>
		<name>object</name>
		<pose>Unspecified</pose>
		<truncated>0</truncated>
		<difficult>0</difficult>
		<bndbox>
			<xmin>2428</xmin>
			<ymin>2299</ymin>
			<xmax>2497</xmax>
			<ymax>2355</ymax>
		</bndbox>
	</object>
	<object>
		<name>object</name>
		<pose>Unspecified</pose>
		<truncated>0</truncated>
		<difficult>0</difficult>
		<bndbox>
			<xmin>2355</xmin>
			<ymin>1252</ymin>
			<xmax>2389</xmax>
			<ymax>1540</ymax>
		</bndbox>
	</object>
	<object>
		<name>object</name>
		<pose>Unspecified</pose>
		<truncated>0</truncated>
		<difficult>0</difficult>
		<bndbox>
			<xmin>2115</xmin>
			<ymin>2323</ymin>
			<xmax>2220</xmax>
			<ymax>2533</ymax>
		</bndbox>
	</object>
	<object>
		<name>object</name>
		<pose>Unspecified</pose>
		<truncated>0</truncated>
		<difficult>0</difficult>
		<bndbox>
			<xmin>2382</xmin>
			<ymin>2077</ymin>
			<xmax>2453</xmax>
			<ymax>2236</ymax>
		</bndbox>
	</object>
	<object>
		<name>object</name>
		<pose>Unspecified</pose>
		<truncated>0</truncated>
		<difficult>0</difficult>
		<bndbox>
			<xmin>312</xmin>
			<ymin>2726</ymin>
			<xmax>391</xmax>
			<ymax>2909</ymax>
		</bndbox>
	</object>
	<object>
		<name>object</name>
		<pose>Unspecified</pose>
		<truncated>0</truncated>
		<difficult>0</difficult>
		<bndbox>
			<xmin>149</xmin>
			<ymin>2920</ymin>
			<xmax>207</xmax>
			<ymax>2956</ymax>
		</bndbox>
	</object>
	<object>
		<name>object</name>
		<pose>Unspecified</pose>
		<truncated>0</truncated>
		<difficult>0</difficult>
		<bndbox>
			<xmin>2532</xmin>
			<ymin>2077</ymin>
			<xmax>2614</xmax>
			<ymax>2224</ymax>
		</bndbox>
	</object>
	<object>
		<name>object</name>
		<pose>Unspecified</pose>
		<truncated>0</truncated>
		<difficult>0</difficult>
		<bndbox>
			<xmin>2622</xmin>
			<ymin>2067</ymin>
			<xmax>2741</xmax>
			<ymax>2244</ymax>
		</bndbox>
	</object>
	<object>
		<name>object</name>
		<pose>Unspecified</pose>
		<truncated>0</truncated>
		<difficult>0</difficult>
		<bndbox>
			<xmin>28</xmin>
			<ymin>2597</ymin>
			<xmax>89</xmax>
			<ymax>2670</ymax>
		</bndbox>
	</object>
	<object>
		<name>object</name>
		<pose>Unspecified</pose>
		<truncated>0</truncated>
		<difficult>0</difficult>
		<bndbox>
			<xmin>94</xmin>
			<ymin>2597</ymin>
			<xmax>151</xmax>
			<ymax>2669</ymax>
		</bndbox>
	</object>
	<object>
		<name>object</name>
		<pose>Unspecified</pose>
		<truncated>0</truncated>
		<difficult>0</difficult>
		<bndbox>
			<xmin>153</xmin>
			<ymin>2597</ymin>
			<xmax>219</xmax>
			<ymax>2671</ymax>
		</bndbox>
	</object>
	<object>
		<name>object</name>
		<pose>Unspecified</pose>
		<truncated>0</truncated>
		<difficult>0</difficult>
		<bndbox>
			<xmin>0</xmin>
			<ymin>2674</ymin>
			<xmax>48</xmax>
			<ymax>2721</ymax>
		</bndbox>
	</object>
	<object>
		<name>object</name>
		<pose>Unspecified</pose>
		<truncated>0</truncated>
		<difficult>0</difficult>
		<bndbox>
			<xmin>49</xmin>
			<ymin>2674</ymin>
			<xmax>104</xmax>
			<ymax>2719</ymax>
		</bndbox>
	</object>
	<object>
		<name>object</name>
		<pose>Unspecified</pose>
		<truncated>0</truncated>
		<difficult>0</difficult>
		<bndbox>
			<xmin>111</xmin>
			<ymin>2674</ymin>
			<xmax>169</xmax>
			<ymax>2717</ymax>
		</bndbox>
	</object>
	<object>
		<name>object</name>
		<pose>Unspecified</pose>
		<truncated>0</truncated>
		<difficult>0</difficult>
		<bndbox>
			<xmin>170</xmin>
			<ymin>2669</ymin>
			<xmax>243</xmax>
			<ymax>2715</ymax>
		</bndbox>
	</object>
	<object>
		<name>object</name>
		<pose>Unspecified</pose>
		<truncated>0</truncated>
		<difficult>0</difficult>
		<bndbox>
			<xmin>0</xmin>
			<ymin>2729</ymin>
			<xmax>40</xmax>
			<ymax>2772</ymax>
		</bndbox>
	</object>
	<object>
		<name>object</name>
		<pose>Unspecified</pose>
		<truncated>0</truncated>
		<difficult>0</difficult>
		<bndbox>
			<xmin>42</xmin>
			<ymin>2722</ymin>
			<xmax>100</xmax>
			<ymax>2771</ymax>
		</bndbox>
	</object>
	<object>
		<name>object</name>
		<pose>Unspecified</pose>
		<truncated>0</truncated>
		<difficult>0</difficult>
		<bndbox>
			<xmin>104</xmin>
			<ymin>2722</ymin>
			<xmax>165</xmax>
			<ymax>2772</ymax>
		</bndbox>
	</object>
	<object>
		<name>object</name>
		<pose>Unspecified</pose>
		<truncated>0</truncated>
		<difficult>0</difficult>
		<bndbox>
			<xmin>208</xmin>
			<ymin>2913</ymin>
			<xmax>271</xmax>
			<ymax>2958</ymax>
		</bndbox>
	</object>
	<object>
		<name>object</name>
		<pose>Unspecified</pose>
		<truncated>0</truncated>
		<difficult>0</difficult>
		<bndbox>
			<xmin>170</xmin>
			<ymin>2717</ymin>
			<xmax>234</xmax>
			<ymax>2764</ymax>
		</bndbox>
	</object>
	<object>
		<name>object</name>
		<pose>Unspecified</pose>
		<truncated>0</truncated>
		<difficult>0</difficult>
		<bndbox>
			<xmin>114</xmin>
			<ymin>2774</ymin>
			<xmax>173</xmax>
			<ymax>2817</ymax>
		</bndbox>
	</object>
	<object>
		<name>object</name>
		<pose>Unspecified</pose>
		<truncated>0</truncated>
		<difficult>0</difficult>
		<bndbox>
			<xmin>180</xmin>
			<ymin>2767</ymin>
			<xmax>244</xmax>
			<ymax>2806</ymax>
		</bndbox>
	</object>
	<object>
		<name>object</name>
		<pose>Unspecified</pose>
		<truncated>0</truncated>
		<difficult>0</difficult>
		<bndbox>
			<xmin>0</xmin>
			<ymin>2823</ymin>
			<xmax>47</xmax>
			<ymax>2869</ymax>
		</bndbox>
	</object>
	<object>
		<name>object</name>
		<pose>Unspecified</pose>
		<truncated>0</truncated>
		<difficult>0</difficult>
		<bndbox>
			<xmin>52</xmin>
			<ymin>2824</ymin>
			<xmax>112</xmax>
			<ymax>2868</ymax>
		</bndbox>
	</object>
	<object>
		<name>object</name>
		<pose>Unspecified</pose>
		<truncated>0</truncated>
		<difficult>0</difficult>
		<bndbox>
			<xmin>111</xmin>
			<ymin>2821</ymin>
			<xmax>166</xmax>
			<ymax>2870</ymax>
		</bndbox>
	</object>
	<object>
		<name>object</name>
		<pose>Unspecified</pose>
		<truncated>0</truncated>
		<difficult>0</difficult>
		<bndbox>
			<xmin>173</xmin>
			<ymin>2818</ymin>
			<xmax>226</xmax>
			<ymax>2868</ymax>
		</bndbox>
	</object>
	<object>
		<name>object</name>
		<pose>Unspecified</pose>
		<truncated>0</truncated>
		<difficult>0</difficult>
		<bndbox>
			<xmin>21</xmin>
			<ymin>2871</ymin>
			<xmax>82</xmax>
			<ymax>2922</ymax>
		</bndbox>
	</object>
	<object>
		<name>object</name>
		<pose>Unspecified</pose>
		<truncated>0</truncated>
		<difficult>0</difficult>
		<bndbox>
			<xmin>87</xmin>
			<ymin>2873</ymin>
			<xmax>143</xmax>
			<ymax>2916</ymax>
		</bndbox>
	</object>
	<object>
		<name>object</name>
		<pose>Unspecified</pose>
		<truncated>0</truncated>
		<difficult>0</difficult>
		<bndbox>
			<xmin>142</xmin>
			<ymin>2875</ymin>
			<xmax>203</xmax>
			<ymax>2911</ymax>
		</bndbox>
	</object>
	<object>
		<name>object</name>
		<pose>Unspecified</pose>
		<truncated>0</truncated>
		<difficult>0</difficult>
		<bndbox>
			<xmin>208</xmin>
			<ymin>2871</ymin>
			<xmax>266</xmax>
			<ymax>2910</ymax>
		</bndbox>
	</object>
	<object>
		<name>object</name>
		<pose>Unspecified</pose>
		<truncated>0</truncated>
		<difficult>0</difficult>
		<bndbox>
			<xmin>28</xmin>
			<ymin>2927</ymin>
			<xmax>91</xmax>
			<ymax>2963</ymax>
		</bndbox>
	</object>
	<object>
		<name>object</name>
		<pose>Unspecified</pose>
		<truncated>0</truncated>
		<difficult>0</difficult>
		<bndbox>
			<xmin>94</xmin>
			<ymin>2923</ymin>
			<xmax>149</xmax>
			<ymax>2962</ymax>
		</bndbox>
	</object>
	<object>
		<name>object</name>
		<pose>Unspecified</pose>
		<truncated>0</truncated>
		<difficult>0</difficult>
		<bndbox>
			<xmin>0</xmin>
			<ymin>2774</ymin>
			<xmax>55</xmax>
			<ymax>2819</ymax>
		</bndbox>
	</object>
	<object>
		<name>object</name>
		<pose>Unspecified</pose>
		<truncated>0</truncated>
		<difficult>0</difficult>
		<bndbox>
			<xmin>0</xmin>
			<ymin>2591</ymin>
			<xmax>28</xmax>
			<ymax>2670</ymax>
		</bndbox>
	</object>
	<object>
		<name>object</name>
		<pose>Unspecified</pose>
		<truncated>0</truncated>
		<difficult>0</difficult>
		<bndbox>
			<xmin>59</xmin>
			<ymin>2775</ymin>
			<xmax>112</xmax>
			<ymax>2819</ymax>
		</bndbox>
	</object>
	<object>
		<name>object</name>
		<pose>Unspecified</pose>
		<truncated>0</truncated>
		<difficult>0</difficult>
		<bndbox>
			<xmin>1294</xmin>
			<ymin>1013</ymin>
			<xmax>1370</xmax>
			<ymax>1176</ymax>
		</bndbox>
	</object>
	<object>
		<name>object</name>
		<pose>Unspecified</pose>
		<truncated>0</truncated>
		<difficult>0</difficult>
		<bndbox>
			<xmin>565</xmin>
			<ymin>2088</ymin>
			<xmax>642</xmax>
			<ymax>2150</ymax>
		</bndbox>
	</object>
	<object>
		<name>object</name>
		<pose>Unspecified</pose>
		<truncated>0</truncated>
		<difficult>0</difficult>
		<bndbox>
			<xmin>479</xmin>
			<ymin>2095</ymin>
			<xmax>564</xmax>
			<ymax>2152</ymax>
		</bndbox>
	</object>
	<object>
		<name>object</name>
		<pose>Unspecified</pose>
		<truncated>0</truncated>
		<difficult>0</difficult>
		<bndbox>
			<xmin>556</xmin>
			<ymin>2147</ymin>
			<xmax>640</xmax>
			<ymax>2221</ymax>
		</bndbox>
	</object>
	<object>
		<name>object</name>
		<pose>Unspecified</pose>
		<truncated>0</truncated>
		<difficult>0</difficult>
		<bndbox>
			<xmin>473</xmin>
			<ymin>2155</ymin>
			<xmax>553</xmax>
			<ymax>2222</ymax>
		</bndbox>
	</object>
	<object>
		<name>object</name>
		<pose>Unspecified</pose>
		<truncated>0</truncated>
		<difficult>0</difficult>
		<bndbox>
			<xmin>742</xmin>
			<ymin>2260</ymin>
			<xmax>832</xmax>
			<ymax>2320</ymax>
		</bndbox>
	</object>
	<object>
		<name>object</name>
		<pose>Unspecified</pose>
		<truncated>0</truncated>
		<difficult>0</difficult>
		<bndbox>
			<xmin>655</xmin>
			<ymin>2258</ymin>
			<xmax>741</xmax>
			<ymax>2319</ymax>
		</bndbox>
	</object>
	<object>
		<name>object</name>
		<pose>Unspecified</pose>
		<truncated>0</truncated>
		<difficult>0</difficult>
		<bndbox>
			<xmin>725</xmin>
			<ymin>2190</ymin>
			<xmax>820</xmax>
			<ymax>2258</ymax>
		</bndbox>
	</object>
	<object>
		<name>object</name>
		<pose>Unspecified</pose>
		<truncated>0</truncated>
		<difficult>0</difficult>
		<bndbox>
			<xmin>642</xmin>
			<ymin>2192</ymin>
			<xmax>724</xmax>
			<ymax>2255</ymax>
		</bndbox>
	</object>
	<object>
		<name>object</name>
		<pose>Unspecified</pose>
		<truncated>0</truncated>
		<difficult>0</difficult>
		<bndbox>
			<xmin>720</xmin>
			<ymin>2107</ymin>
			<xmax>812</xmax>
			<ymax>2185</ymax>
		</bndbox>
	</object>
	<object>
		<name>object</name>
		<pose>Unspecified</pose>
		<truncated>0</truncated>
		<difficult>0</difficult>
		<bndbox>
			<xmin>642</xmin>
			<ymin>2098</ymin>
			<xmax>719</xmax>
			<ymax>2187</ymax>
		</bndbox>
	</object>
	<object>
		<name>object</name>
		<pose>Unspecified</pose>
		<truncated>0</truncated>
		<difficult>0</difficult>
		<bndbox>
			<xmin>551</xmin>
			<ymin>2222</ymin>
			<xmax>641</xmax>
			<ymax>2327</ymax>
		</bndbox>
	</object>
	<object>
		<name>object</name>
		<pose>Unspecified</pose>
		<truncated>0</truncated>
		<difficult>0</difficult>
		<bndbox>
			<xmin>447</xmin>
			<ymin>2223</ymin>
			<xmax>544</xmax>
			<ymax>2327</ymax>
		</bndbox>
	</object>
	<object>
		<name>object</name>
		<pose>Unspecified</pose>
		<truncated>0</truncated>
		<difficult>0</difficult>
		<bndbox>
			<xmin>350</xmin>
			<ymin>2245</ymin>
			<xmax>440</xmax>
			<ymax>2337</ymax>
		</bndbox>
	</object>
	<object>
		<name>object</name>
		<pose>Unspecified</pose>
		<truncated>0</truncated>
		<difficult>0</difficult>
		<bndbox>
			<xmin>257</xmin>
			<ymin>2254</ymin>
			<xmax>350</xmax>
			<ymax>2337</ymax>
		</bndbox>
	</object>
	<object>
		<name>object</name>
		<pose>Unspecified</pose>
		<truncated>0</truncated>
		<difficult>0</difficult>
		<bndbox>
			<xmin>336</xmin>
			<ymin>2160</ymin>
			<xmax>441</xmax>
			<ymax>2244</ymax>
		</bndbox>
	</object>
	<object>
		<name>object</name>
		<pose>Unspecified</pose>
		<truncated>0</truncated>
		<difficult>0</difficult>
		<bndbox>
			<xmin>347</xmin>
			<ymin>1803</ymin>
			<xmax>405</xmax>
			<ymax>1862</ymax>
		</bndbox>
	</object>
	<object>
		<name>object</name>
		<pose>Unspecified</pose>
		<truncated>0</truncated>
		<difficult>0</difficult>
		<bndbox>
			<xmin>253</xmin>
			<ymin>2167</ymin>
			<xmax>333</xmax>
			<ymax>2247</ymax>
		</bndbox>
	</object>
	<object>
		<name>object</name>
		<pose>Unspecified</pose>
		<truncated>0</truncated>
		<difficult>0</difficult>
		<bndbox>
			<xmin>329</xmin>
			<ymin>2075</ymin>
			<xmax>435</xmax>
			<ymax>2153</ymax>
		</bndbox>
	</object>
	<object>
		<name>object</name>
		<pose>Unspecified</pose>
		<truncated>0</truncated>
		<difficult>0</difficult>
		<bndbox>
			<xmin>250</xmin>
			<ymin>2081</ymin>
			<xmax>329</xmax>
			<ymax>2164</ymax>
		</bndbox>
	</object>
	<object>
		<name>object</name>
		<pose>Unspecified</pose>
		<truncated>0</truncated>
		<difficult>0</difficult>
		<bndbox>
			<xmin>163</xmin>
			<ymin>2267</ymin>
			<xmax>248</xmax>
			<ymax>2346</ymax>
		</bndbox>
	</object>
	<object>
		<name>object</name>
		<pose>Unspecified</pose>
		<truncated>0</truncated>
		<difficult>0</difficult>
		<bndbox>
			<xmin>59</xmin>
			<ymin>2275</ymin>
			<xmax>153</xmax>
			<ymax>2356</ymax>
		</bndbox>
	</object>
	<object>
		<name>object</name>
		<pose>Unspecified</pose>
		<truncated>0</truncated>
		<difficult>0</difficult>
		<bndbox>
			<xmin>153</xmin>
			<ymin>2181</ymin>
			<xmax>246</xmax>
			<ymax>2258</ymax>
		</bndbox>
	</object>
	<object>
		<name>object</name>
		<pose>Unspecified</pose>
		<truncated>0</truncated>
		<difficult>0</difficult>
		<bndbox>
			<xmin>62</xmin>
			<ymin>2195</ymin>
			<xmax>151</xmax>
			<ymax>2272</ymax>
		</bndbox>
	</object>
	<object>
		<name>object</name>
		<pose>Unspecified</pose>
		<truncated>0</truncated>
		<difficult>0</difficult>
		<bndbox>
			<xmin>142</xmin>
			<ymin>2093</ymin>
			<xmax>238</xmax>
			<ymax>2174</ymax>
		</bndbox>
	</object>
	<object>
		<name>object</name>
		<pose>Unspecified</pose>
		<truncated>0</truncated>
		<difficult>0</difficult>
		<bndbox>
			<xmin>62</xmin>
			<ymin>2088</ymin>
			<xmax>138</xmax>
			<ymax>2180</ymax>
		</bndbox>
	</object>
	<object>
		<name>object</name>
		<pose>Unspecified</pose>
		<truncated>0</truncated>
		<difficult>0</difficult>
		<bndbox>
			<xmin>2646</xmin>
			<ymin>1685</ymin>
			<xmax>2731</xmax>
			<ymax>1870</ymax>
		</bndbox>
	</object>
	<object>
		<name>object</name>
		<pose>Unspecified</pose>
		<truncated>0</truncated>
		<difficult>0</difficult>
		<bndbox>
			<xmin>2552</xmin>
			<ymin>1693</ymin>
			<xmax>2639</xmax>
			<ymax>1880</ymax>
		</bndbox>
	</object>
	<object>
		<name>object</name>
		<pose>Unspecified</pose>
		<truncated>0</truncated>
		<difficult>0</difficult>
		<bndbox>
			<xmin>2462</xmin>
			<ymin>1689</ymin>
			<xmax>2551</xmax>
			<ymax>1878</ymax>
		</bndbox>
	</object>
	<object>
		<name>object</name>
		<pose>Unspecified</pose>
		<truncated>0</truncated>
		<difficult>0</difficult>
		<bndbox>
			<xmin>2358</xmin>
			<ymin>1692</ymin>
			<xmax>2456</xmax>
			<ymax>1893</ymax>
		</bndbox>
	</object>
	<object>
		<name>object</name>
		<pose>Unspecified</pose>
		<truncated>0</truncated>
		<difficult>0</difficult>
		<bndbox>
			<xmin>836</xmin>
			<ymin>2091</ymin>
			<xmax>929</xmax>
			<ymax>2173</ymax>
		</bndbox>
	</object>
	<object>
		<name>object</name>
		<pose>Unspecified</pose>
		<truncated>0</truncated>
		<difficult>0</difficult>
		<bndbox>
			<xmin>929</xmin>
			<ymin>2095</ymin>
			<xmax>1017</xmax>
			<ymax>2174</ymax>
		</bndbox>
	</object>
	<object>
		<name>object</name>
		<pose>Unspecified</pose>
		<truncated>0</truncated>
		<difficult>0</difficult>
		<bndbox>
			<xmin>832</xmin>
			<ymin>2178</ymin>
			<xmax>919</xmax>
			<ymax>2249</ymax>
		</bndbox>
	</object>
	<object>
		<name>object</name>
		<pose>Unspecified</pose>
		<truncated>0</truncated>
		<difficult>0</difficult>
		<bndbox>
			<xmin>922</xmin>
			<ymin>2179</ymin>
			<xmax>1017</xmax>
			<ymax>2247</ymax>
		</bndbox>
	</object>
	<object>
		<name>object</name>
		<pose>Unspecified</pose>
		<truncated>0</truncated>
		<difficult>0</difficult>
		<bndbox>
			<xmin>1373</xmin>
			<ymin>926</ymin>
			<xmax>1470</xmax>
			<ymax>1173</ymax>
		</bndbox>
	</object>
	<object>
		<name>object</name>
		<pose>Unspecified</pose>
		<truncated>0</truncated>
		<difficult>0</difficult>
		<bndbox>
			<xmin>1474</xmin>
			<ymin>896</ymin>
			<xmax>1582</xmax>
			<ymax>1172</ymax>
		</bndbox>
	</object>
	<object>
		<name>object</name>
		<pose>Unspecified</pose>
		<truncated>0</truncated>
		<difficult>0</difficult>
		<bndbox>
			<xmin>1585</xmin>
			<ymin>895</ymin>
			<xmax>1706</xmax>
			<ymax>1163</ymax>
		</bndbox>
	</object>
	<object>
		<name>object</name>
		<pose>Unspecified</pose>
		<truncated>0</truncated>
		<difficult>0</difficult>
		<bndbox>
			<xmin>2126</xmin>
			<ymin>2105</ymin>
			<xmax>2213</xmax>
			<ymax>2252</ymax>
		</bndbox>
	</object>
	<object>
		<name>object</name>
		<pose>Unspecified</pose>
		<truncated>0</truncated>
		<difficult>0</difficult>
		<bndbox>
			<xmin>2039</xmin>
			<ymin>2110</ymin>
			<xmax>2122</xmax>
			<ymax>2258</ymax>
		</bndbox>
	</object>
	<object>
		<name>object</name>
		<pose>Unspecified</pose>
		<truncated>0</truncated>
		<difficult>0</difficult>
		<bndbox>
			<xmin>1965</xmin>
			<ymin>2112</ymin>
			<xmax>2039</xmax>
			<ymax>2254</ymax>
		</bndbox>
	</object>
	<object>
		<name>object</name>
		<pose>Unspecified</pose>
		<truncated>0</truncated>
		<difficult>0</difficult>
		<bndbox>
			<xmin>1880</xmin>
			<ymin>2113</ymin>
			<xmax>1965</xmax>
			<ymax>2258</ymax>
		</bndbox>
	</object>
	<object>
		<name>object</name>
		<pose>Unspecified</pose>
		<truncated>0</truncated>
		<difficult>0</difficult>
		<bndbox>
			<xmin>1803</xmin>
			<ymin>2112</ymin>
			<xmax>1879</xmax>
			<ymax>2258</ymax>
		</bndbox>
	</object>
	<object>
		<name>object</name>
		<pose>Unspecified</pose>
		<truncated>0</truncated>
		<difficult>0</difficult>
		<bndbox>
			<xmin>1717</xmin>
			<ymin>2119</ymin>
			<xmax>1798</xmax>
			<ymax>2262</ymax>
		</bndbox>
	</object>
	<object>
		<name>object</name>
		<pose>Unspecified</pose>
		<truncated>0</truncated>
		<difficult>0</difficult>
		<bndbox>
			<xmin>1633</xmin>
			<ymin>2121</ymin>
			<xmax>1715</xmax>
			<ymax>2270</ymax>
		</bndbox>
	</object>
	<object>
		<name>object</name>
		<pose>Unspecified</pose>
		<truncated>0</truncated>
		<difficult>0</difficult>
		<bndbox>
			<xmin>1554</xmin>
			<ymin>2122</ymin>
			<xmax>1634</xmax>
			<ymax>2276</ymax>
		</bndbox>
	</object>
	<object>
		<name>object</name>
		<pose>Unspecified</pose>
		<truncated>0</truncated>
		<difficult>0</difficult>
		<bndbox>
			<xmin>1470</xmin>
			<ymin>2121</ymin>
			<xmax>1554</xmax>
			<ymax>2275</ymax>
		</bndbox>
	</object>
	<object>
		<name>object</name>
		<pose>Unspecified</pose>
		<truncated>0</truncated>
		<difficult>0</difficult>
		<bndbox>
			<xmin>1391</xmin>
			<ymin>2115</ymin>
			<xmax>1471</xmax>
			<ymax>2276</ymax>
		</bndbox>
	</object>
	<object>
		<name>object</name>
		<pose>Unspecified</pose>
		<truncated>0</truncated>
		<difficult>0</difficult>
		<bndbox>
			<xmin>1627</xmin>
			<ymin>1998</ymin>
			<xmax>1694</xmax>
			<ymax>2082</ymax>
		</bndbox>
	</object>
	<object>
		<name>object</name>
		<pose>Unspecified</pose>
		<truncated>0</truncated>
		<difficult>0</difficult>
		<bndbox>
			<xmin>2271</xmin>
			<ymin>1720</ymin>
			<xmax>2356</xmax>
			<ymax>1900</ymax>
		</bndbox>
	</object>
	<object>
		<name>object</name>
		<pose>Unspecified</pose>
		<truncated>0</truncated>
		<difficult>0</difficult>
		<bndbox>
			<xmin>1699</xmin>
			<ymin>1993</ymin>
			<xmax>1767</xmax>
			<ymax>2076</ymax>
		</bndbox>
	</object>
	<object>
		<name>object</name>
		<pose>Unspecified</pose>
		<truncated>0</truncated>
		<difficult>0</difficult>
		<bndbox>
			<xmin>1460</xmin>
			<ymin>2001</ymin>
			<xmax>1530</xmax>
			<ymax>2081</ymax>
		</bndbox>
	</object>
	<object>
		<name>object</name>
		<pose>Unspecified</pose>
		<truncated>0</truncated>
		<difficult>0</difficult>
		<bndbox>
			<xmin>1387</xmin>
			<ymin>1998</ymin>
			<xmax>1456</xmax>
			<ymax>2095</ymax>
		</bndbox>
	</object>
	<object>
		<name>object</name>
		<pose>Unspecified</pose>
		<truncated>0</truncated>
		<difficult>0</difficult>
		<bndbox>
			<xmin>1297</xmin>
			<ymin>2239</ymin>
			<xmax>1386</xmax>
			<ymax>2299</ymax>
		</bndbox>
	</object>
	<object>
		<name>object</name>
		<pose>Unspecified</pose>
		<truncated>0</truncated>
		<difficult>0</difficult>
		<bndbox>
			<xmin>1210</xmin>
			<ymin>2237</ymin>
			<xmax>1296</xmax>
			<ymax>2297</ymax>
		</bndbox>
	</object>
	<object>
		<name>object</name>
		<pose>Unspecified</pose>
		<truncated>0</truncated>
		<difficult>0</difficult>
		<bndbox>
			<xmin>1298</xmin>
			<ymin>2138</ymin>
			<xmax>1386</xmax>
			<ymax>2237</ymax>
		</bndbox>
	</object>
	<object>
		<name>object</name>
		<pose>Unspecified</pose>
		<truncated>0</truncated>
		<difficult>0</difficult>
		<bndbox>
			<xmin>1207</xmin>
			<ymin>2140</ymin>
			<xmax>1296</xmax>
			<ymax>2236</ymax>
		</bndbox>
	</object>
	<object>
		<name>object</name>
		<pose>Unspecified</pose>
		<truncated>0</truncated>
		<difficult>0</difficult>
		<bndbox>
			<xmin>1106</xmin>
			<ymin>2209</ymin>
			<xmax>1188</xmax>
			<ymax>2289</ymax>
		</bndbox>
	</object>
	<object>
		<name>object</name>
		<pose>Unspecified</pose>
		<truncated>0</truncated>
		<difficult>0</difficult>
		<bndbox>
			<xmin>1020</xmin>
			<ymin>2209</ymin>
			<xmax>1105</xmax>
			<ymax>2298</ymax>
		</bndbox>
	</object>
	<object>
		<name>object</name>
		<pose>Unspecified</pose>
		<truncated>0</truncated>
		<difficult>0</difficult>
		<bndbox>
			<xmin>1099</xmin>
			<ymin>2121</ymin>
			<xmax>1183</xmax>
			<ymax>2199</ymax>
		</bndbox>
	</object>
	<object>
		<name>object</name>
		<pose>Unspecified</pose>
		<truncated>0</truncated>
		<difficult>0</difficult>
		<bndbox>
			<xmin>1020</xmin>
			<ymin>2122</ymin>
			<xmax>1098</xmax>
			<ymax>2199</ymax>
		</bndbox>
	</object>
	<object>
		<name>object</name>
		<pose>Unspecified</pose>
		<truncated>0</truncated>
		<difficult>0</difficult>
		<bndbox>
			<xmin>1099</xmin>
			<ymin>2046</ymin>
			<xmax>1183</xmax>
			<ymax>2116</ymax>
		</bndbox>
	</object>
	<object>
		<name>object</name>
		<pose>Unspecified</pose>
		<truncated>0</truncated>
		<difficult>0</difficult>
		<bndbox>
			<xmin>1018</xmin>
			<ymin>2046</ymin>
			<xmax>1094</xmax>
			<ymax>2116</ymax>
		</bndbox>
	</object>
	<object>
		<name>object</name>
		<pose>Unspecified</pose>
		<truncated>0</truncated>
		<difficult>0</difficult>
		<bndbox>
			<xmin>933</xmin>
			<ymin>2246</ymin>
			<xmax>1016</xmax>
			<ymax>2310</ymax>
		</bndbox>
	</object>
	<object>
		<name>object</name>
		<pose>Unspecified</pose>
		<truncated>0</truncated>
		<difficult>0</difficult>
		<bndbox>
			<xmin>832</xmin>
			<ymin>2254</ymin>
			<xmax>924</xmax>
			<ymax>2312</ymax>
		</bndbox>
	</object>
	<object>
		<name>object</name>
		<pose>Unspecified</pose>
		<truncated>0</truncated>
		<difficult>0</difficult>
		<bndbox>
			<xmin>1529</xmin>
			<ymin>2001</ymin>
			<xmax>1617</xmax>
			<ymax>2075</ymax>
		</bndbox>
	</object>
	<object>
		<name>object</name>
		<pose>Unspecified</pose>
		<truncated>0</truncated>
		<difficult>0</difficult>
		<bndbox>
			<xmin>2188</xmin>
			<ymin>1720</ymin>
			<xmax>2270</xmax>
			<ymax>1897</ymax>
		</bndbox>
	</object>
	<object>
		<name>object</name>
		<pose>Unspecified</pose>
		<truncated>0</truncated>
		<difficult>0</difficult>
		<bndbox>
			<xmin>2088</xmin>
			<ymin>1721</ymin>
			<xmax>2176</xmax>
			<ymax>1911</ymax>
		</bndbox>
	</object>
	<object>
		<name>object</name>
		<pose>Unspecified</pose>
		<truncated>0</truncated>
		<difficult>0</difficult>
		<bndbox>
			<xmin>2001</xmin>
			<ymin>1727</ymin>
			<xmax>2088</xmax>
			<ymax>1910</ymax>
		</bndbox>
	</object>
	<object>
		<name>object</name>
		<pose>Unspecified</pose>
		<truncated>0</truncated>
		<difficult>0</difficult>
		<bndbox>
			<xmin>870</xmin>
			<ymin>1859</ymin>
			<xmax>1023</xmax>
			<ymax>1942</ymax>
		</bndbox>
	</object>
	<object>
		<name>object</name>
		<pose>Unspecified</pose>
		<truncated>0</truncated>
		<difficult>0</difficult>
		<bndbox>
			<xmin>1030</xmin>
			<ymin>1855</ymin>
			<xmax>1195</xmax>
			<ymax>1939</ymax>
		</bndbox>
	</object>
	<object>
		<name>object</name>
		<pose>Unspecified</pose>
		<truncated>0</truncated>
		<difficult>0</difficult>
		<bndbox>
			<xmin>1203</xmin>
			<ymin>1751</ymin>
			<xmax>1390</xmax>
			<ymax>1932</ymax>
		</bndbox>
	</object>
	<object>
		<name>object</name>
		<pose>Unspecified</pose>
		<truncated>0</truncated>
		<difficult>0</difficult>
		<bndbox>
			<xmin>1394</xmin>
			<ymin>1715</ymin>
			<xmax>1491</xmax>
			<ymax>1932</ymax>
		</bndbox>
	</object>
	<object>
		<name>object</name>
		<pose>Unspecified</pose>
		<truncated>0</truncated>
		<difficult>0</difficult>
		<bndbox>
			<xmin>1498</xmin>
			<ymin>1719</ymin>
			<xmax>1587</xmax>
			<ymax>1928</ymax>
		</bndbox>
	</object>
	<object>
		<name>object</name>
		<pose>Unspecified</pose>
		<truncated>0</truncated>
		<difficult>0</difficult>
		<bndbox>
			<xmin>1595</xmin>
			<ymin>1637</ymin>
			<xmax>1786</xmax>
			<ymax>1730</ymax>
		</bndbox>
	</object>
	<object>
		<name>object</name>
		<pose>Unspecified</pose>
		<truncated>0</truncated>
		<difficult>0</difficult>
		<bndbox>
			<xmin>1789</xmin>
			<ymin>1630</ymin>
			<xmax>1963</xmax>
			<ymax>1718</ymax>
		</bndbox>
	</object>
	<object>
		<name>object</name>
		<pose>Unspecified</pose>
		<truncated>0</truncated>
		<difficult>0</difficult>
		<bndbox>
			<xmin>1970</xmin>
			<ymin>1620</ymin>
			<xmax>2154</xmax>
			<ymax>1708</ymax>
		</bndbox>
	</object>
	<object>
		<name>object</name>
		<pose>Unspecified</pose>
		<truncated>0</truncated>
		<difficult>0</difficult>
		<bndbox>
			<xmin>2167</xmin>
			<ymin>1626</ymin>
			<xmax>2249</xmax>
			<ymax>1715</ymax>
		</bndbox>
	</object>
	<object>
		<name>object</name>
		<pose>Unspecified</pose>
		<truncated>0</truncated>
		<difficult>0</difficult>
		<bndbox>
			<xmin>2258</xmin>
			<ymin>1631</ymin>
			<xmax>2336</xmax>
			<ymax>1713</ymax>
		</bndbox>
	</object>
	<object>
		<name>object</name>
		<pose>Unspecified</pose>
		<truncated>0</truncated>
		<difficult>0</difficult>
		<bndbox>
			<xmin>2493</xmin>
			<ymin>1609</ymin>
			<xmax>2588</xmax>
			<ymax>1687</ymax>
		</bndbox>
	</object>
	<object>
		<name>object</name>
		<pose>Unspecified</pose>
		<truncated>0</truncated>
		<difficult>0</difficult>
		<bndbox>
			<xmin>392</xmin>
			<ymin>1344</ymin>
			<xmax>487</xmax>
			<ymax>1592</ymax>
		</bndbox>
	</object>
	<object>
		<name>object</name>
		<pose>Unspecified</pose>
		<truncated>0</truncated>
		<difficult>0</difficult>
		<bndbox>
			<xmin>281</xmin>
			<ymin>1325</ymin>
			<xmax>386</xmax>
			<ymax>1593</ymax>
		</bndbox>
	</object>
	<object>
		<name>object</name>
		<pose>Unspecified</pose>
		<truncated>0</truncated>
		<difficult>0</difficult>
		<bndbox>
			<xmin>187</xmin>
			<ymin>1349</ymin>
			<xmax>276</xmax>
			<ymax>1599</ymax>
		</bndbox>
	</object>
	<object>
		<name>object</name>
		<pose>Unspecified</pose>
		<truncated>0</truncated>
		<difficult>0</difficult>
		<bndbox>
			<xmin>1030</xmin>
			<ymin>1786</ymin>
			<xmax>1194</xmax>
			<ymax>1851</ymax>
		</bndbox>
	</object>
	<object>
		<name>object</name>
		<pose>Unspecified</pose>
		<truncated>0</truncated>
		<difficult>0</difficult>
		<bndbox>
			<xmin>83</xmin>
			<ymin>1352</ymin>
			<xmax>177</xmax>
			<ymax>1600</ymax>
		</bndbox>
	</object>
	<object>
		<name>object</name>
		<pose>Unspecified</pose>
		<truncated>0</truncated>
		<difficult>0</difficult>
		<bndbox>
			<xmin>0</xmin>
			<ymin>1259</ymin>
			<xmax>81</xmax>
			<ymax>1394</ymax>
		</bndbox>
	</object>
	<object>
		<name>object</name>
		<pose>Unspecified</pose>
		<truncated>0</truncated>
		<difficult>0</difficult>
		<bndbox>
			<xmin>2743</xmin>
			<ymin>905</ymin>
			<xmax>2844</xmax>
			<ymax>1144</ymax>
		</bndbox>
	</object>
	<object>
		<name>object</name>
		<pose>Unspecified</pose>
		<truncated>0</truncated>
		<difficult>0</difficult>
		<bndbox>
			<xmin>2639</xmin>
			<ymin>998</ymin>
			<xmax>2709</xmax>
			<ymax>1144</ymax>
		</bndbox>
	</object>
	<object>
		<name>object</name>
		<pose>Unspecified</pose>
		<truncated>0</truncated>
		<difficult>0</difficult>
		<bndbox>
			<xmin>2525</xmin>
			<ymin>870</ymin>
			<xmax>2635</xmax>
			<ymax>1147</ymax>
		</bndbox>
	</object>
	<object>
		<name>object</name>
		<pose>Unspecified</pose>
		<truncated>0</truncated>
		<difficult>0</difficult>
		<bndbox>
			<xmin>2431</xmin>
			<ymin>980</ymin>
			<xmax>2522</xmax>
			<ymax>1151</ymax>
		</bndbox>
	</object>
	<object>
		<name>object</name>
		<pose>Unspecified</pose>
		<truncated>0</truncated>
		<difficult>0</difficult>
		<bndbox>
			<xmin>1718</xmin>
			<ymin>864</ymin>
			<xmax>1756</xmax>
			<ymax>1165</ymax>
		</bndbox>
	</object>
	<object>
		<name>object</name>
		<pose>Unspecified</pose>
		<truncated>0</truncated>
		<difficult>0</difficult>
		<bndbox>
			<xmin>1758</xmin>
			<ymin>867</ymin>
			<xmax>1793</xmax>
			<ymax>1165</ymax>
		</bndbox>
	</object>
	<object>
		<name>object</name>
		<pose>Unspecified</pose>
		<truncated>0</truncated>
		<difficult>0</difficult>
		<bndbox>
			<xmin>1794</xmin>
			<ymin>859</ymin>
			<xmax>1831</xmax>
			<ymax>1161</ymax>
		</bndbox>
	</object>
	<object>
		<name>object</name>
		<pose>Unspecified</pose>
		<truncated>0</truncated>
		<difficult>0</difficult>
		<bndbox>
			<xmin>1841</xmin>
			<ymin>971</ymin>
			<xmax>1931</xmax>
			<ymax>1157</ymax>
		</bndbox>
	</object>
	<object>
		<name>object</name>
		<pose>Unspecified</pose>
		<truncated>0</truncated>
		<difficult>0</difficult>
		<bndbox>
			<xmin>1935</xmin>
			<ymin>1006</ymin>
			<xmax>2038</xmax>
			<ymax>1158</ymax>
		</bndbox>
	</object>
	<object>
		<name>object</name>
		<pose>Unspecified</pose>
		<truncated>0</truncated>
		<difficult>0</difficult>
		<bndbox>
			<xmin>1943</xmin>
			<ymin>844</ymin>
			<xmax>2043</xmax>
			<ymax>1005</ymax>
		</bndbox>
	</object>
	<object>
		<name>object</name>
		<pose>Unspecified</pose>
		<truncated>0</truncated>
		<difficult>0</difficult>
		<bndbox>
			<xmin>2047</xmin>
			<ymin>898</ymin>
			<xmax>2147</xmax>
			<ymax>1159</ymax>
		</bndbox>
	</object>
	<object>
		<name>object</name>
		<pose>Unspecified</pose>
		<truncated>0</truncated>
		<difficult>0</difficult>
		<bndbox>
			<xmin>2157</xmin>
			<ymin>995</ymin>
			<xmax>2239</xmax>
			<ymax>1158</ymax>
		</bndbox>
	</object>
	<object>
		<name>object</name>
		<pose>Unspecified</pose>
		<truncated>0</truncated>
		<difficult>0</difficult>
		<bndbox>
			<xmin>2244</xmin>
			<ymin>905</ymin>
			<xmax>2336</xmax>
			<ymax>1158</ymax>
		</bndbox>
	</object>
	<object>
		<name>object</name>
		<pose>Unspecified</pose>
		<truncated>0</truncated>
		<difficult>0</difficult>
		<bndbox>
			<xmin>0</xmin>
			<ymin>1450</ymin>
			<xmax>62</xmax>
			<ymax>1578</ymax>
		</bndbox>
	</object>
	<object>
		<name>object</name>
		<pose>Unspecified</pose>
		<truncated>0</truncated>
		<difficult>0</difficult>
		<bndbox>
			<xmin>1296</xmin>
			<ymin>924</ymin>
			<xmax>1370</xmax>
			<ymax>1013</ymax>
		</bndbox>
	</object>
	<object>
		<name>object</name>
		<pose>Unspecified</pose>
		<truncated>0</truncated>
		<difficult>0</difficult>
		<bndbox>
			<xmin>864</xmin>
			<ymin>1758</ymin>
			<xmax>1018</xmax>
			<ymax>1855</ymax>
		</bndbox>
	</object>
	<object>
		<name>object</name>
		<pose>Unspecified</pose>
		<truncated>0</truncated>
		<difficult>0</difficult>
		<bndbox>
			<xmin>877</xmin>
			<ymin>1647</ymin>
			<xmax>1012</xmax>
			<ymax>1750</ymax>
		</bndbox>
	</object>
	<object>
		<name>object</name>
		<pose>Unspecified</pose>
		<truncated>0</truncated>
		<difficult>0</difficult>
		<bndbox>
			<xmin>1900</xmin>
			<ymin>1732</ymin>
			<xmax>1995</xmax>
			<ymax>1925</ymax>
		</bndbox>
	</object>
	<object>
		<name>object</name>
		<pose>Unspecified</pose>
		<truncated>0</truncated>
		<difficult>0</difficult>
		<bndbox>
			<xmin>1800</xmin>
			<ymin>1730</ymin>
			<xmax>1897</xmax>
			<ymax>1927</ymax>
		</bndbox>
	</object>
	<object>
		<name>object</name>
		<pose>Unspecified</pose>
		<truncated>0</truncated>
		<difficult>0</difficult>
		<bndbox>
			<xmin>1696</xmin>
			<ymin>1741</ymin>
			<xmax>1792</xmax>
			<ymax>1925</ymax>
		</bndbox>
	</object>
	<object>
		<name>object</name>
		<pose>Unspecified</pose>
		<truncated>0</truncated>
		<difficult>0</difficult>
		<bndbox>
			<xmin>1609</xmin>
			<ymin>1741</ymin>
			<xmax>1696</xmax>
			<ymax>1927</ymax>
		</bndbox>
	</object>
	<object>
		<name>object</name>
		<pose>Unspecified</pose>
		<truncated>0</truncated>
		<difficult>0</difficult>
		<bndbox>
			<xmin>2597</xmin>
			<ymin>1602</ymin>
			<xmax>2676</xmax>
			<ymax>1683</ymax>
		</bndbox>
	</object>
	<object>
		<name>object</name>
		<pose>Unspecified</pose>
		<truncated>0</truncated>
		<difficult>0</difficult>
		<bndbox>
			<xmin>406</xmin>
			<ymin>1803</ymin>
			<xmax>465</xmax>
			<ymax>1860</ymax>
		</bndbox>
	</object>
	<object>
		<name>object</name>
		<pose>Unspecified</pose>
		<truncated>0</truncated>
		<difficult>0</difficult>
		<bndbox>
			<xmin>288</xmin>
			<ymin>1869</ymin>
			<xmax>353</xmax>
			<ymax>1924</ymax>
		</bndbox>
	</object>
	<object>
		<name>object</name>
		<pose>Unspecified</pose>
		<truncated>0</truncated>
		<difficult>0</difficult>
		<bndbox>
			<xmin>293</xmin>
			<ymin>1928</ymin>
			<xmax>357</xmax>
			<ymax>1978</ymax>
		</bndbox>
	</object>
	<object>
		<name>object</name>
		<pose>Unspecified</pose>
		<truncated>0</truncated>
		<difficult>0</difficult>
		<bndbox>
			<xmin>413</xmin>
			<ymin>1866</ymin>
			<xmax>475</xmax>
			<ymax>1913</ymax>
		</bndbox>
	</object>
	<object>
		<name>object</name>
		<pose>Unspecified</pose>
		<truncated>0</truncated>
		<difficult>0</difficult>
		<bndbox>
			<xmin>426</xmin>
			<ymin>1918</ymin>
			<xmax>479</xmax>
			<ymax>1972</ymax>
		</bndbox>
	</object>
	<object>
		<name>object</name>
		<pose>Unspecified</pose>
		<truncated>0</truncated>
		<difficult>0</difficult>
		<bndbox>
			<xmin>362</xmin>
			<ymin>1926</ymin>
			<xmax>423</xmax>
			<ymax>1970</ymax>
		</bndbox>
	</object>
	<object>
		<name>object</name>
		<pose>Unspecified</pose>
		<truncated>0</truncated>
		<difficult>0</difficult>
		<bndbox>
			<xmin>510</xmin>
			<ymin>1661</ymin>
			<xmax>569</xmax>
			<ymax>1688</ymax>
		</bndbox>
	</object>
	<object>
		<name>object</name>
		<pose>Unspecified</pose>
		<truncated>0</truncated>
		<difficult>0</difficult>
		<bndbox>
			<xmin>569</xmin>
			<ymin>1654</ymin>
			<xmax>622</xmax>
			<ymax>1685</ymax>
		</bndbox>
	</object>
	<object>
		<name>object</name>
		<pose>Unspecified</pose>
		<truncated>0</truncated>
		<difficult>0</difficult>
		<bndbox>
			<xmin>624</xmin>
			<ymin>1654</ymin>
			<xmax>682</xmax>
			<ymax>1680</ymax>
		</bndbox>
	</object>
	<object>
		<name>object</name>
		<pose>Unspecified</pose>
		<truncated>0</truncated>
		<difficult>0</difficult>
		<bndbox>
			<xmin>1020</xmin>
			<ymin>1668</ymin>
			<xmax>1189</xmax>
			<ymax>1778</ymax>
		</bndbox>
	</object>
	<object>
		<name>object</name>
		<pose>Unspecified</pose>
		<truncated>0</truncated>
		<difficult>0</difficult>
		<bndbox>
			<xmin>454</xmin>
			<ymin>1720</ymin>
			<xmax>512</xmax>
			<ymax>1762</ymax>
		</bndbox>
	</object>
	<object>
		<name>object</name>
		<pose>Unspecified</pose>
		<truncated>0</truncated>
		<difficult>0</difficult>
		<bndbox>
			<xmin>575</xmin>
			<ymin>1720</ymin>
			<xmax>636</xmax>
			<ymax>1762</ymax>
		</bndbox>
	</object>
	<object>
		<name>object</name>
		<pose>Unspecified</pose>
		<truncated>0</truncated>
		<difficult>0</difficult>
		<bndbox>
			<xmin>460</xmin>
			<ymin>1769</ymin>
			<xmax>512</xmax>
			<ymax>1807</ymax>
		</bndbox>
	</object>
	<object>
		<name>object</name>
		<pose>Unspecified</pose>
		<truncated>0</truncated>
		<difficult>0</difficult>
		<bndbox>
			<xmin>517</xmin>
			<ymin>1766</ymin>
			<xmax>570</xmax>
			<ymax>1807</ymax>
		</bndbox>
	</object>
	<object>
		<name>object</name>
		<pose>Unspecified</pose>
		<truncated>0</truncated>
		<difficult>0</difficult>
		<bndbox>
			<xmin>570</xmin>
			<ymin>1767</ymin>
			<xmax>633</xmax>
			<ymax>1804</ymax>
		</bndbox>
	</object>
	<object>
		<name>object</name>
		<pose>Unspecified</pose>
		<truncated>0</truncated>
		<difficult>0</difficult>
		<bndbox>
			<xmin>482</xmin>
			<ymin>1807</ymin>
			<xmax>537</xmax>
			<ymax>1858</ymax>
		</bndbox>
	</object>
	<object>
		<name>object</name>
		<pose>Unspecified</pose>
		<truncated>0</truncated>
		<difficult>0</difficult>
		<bndbox>
			<xmin>538</xmin>
			<ymin>1808</ymin>
			<xmax>599</xmax>
			<ymax>1859</ymax>
		</bndbox>
	</object>
	<object>
		<name>object</name>
		<pose>Unspecified</pose>
		<truncated>0</truncated>
		<difficult>0</difficult>
		<bndbox>
			<xmin>607</xmin>
			<ymin>1807</ymin>
			<xmax>661</xmax>
			<ymax>1852</ymax>
		</bndbox>
	</object>
	<object>
		<name>object</name>
		<pose>Unspecified</pose>
		<truncated>0</truncated>
		<difficult>0</difficult>
		<bndbox>
			<xmin>619</xmin>
			<ymin>1855</ymin>
			<xmax>666</xmax>
			<ymax>1913</ymax>
		</bndbox>
	</object>
	<object>
		<name>object</name>
		<pose>Unspecified</pose>
		<truncated>0</truncated>
		<difficult>0</difficult>
		<bndbox>
			<xmin>621</xmin>
			<ymin>1914</ymin>
			<xmax>675</xmax>
			<ymax>1969</ymax>
		</bndbox>
	</object>
	<object>
		<name>object</name>
		<pose>Unspecified</pose>
		<truncated>0</truncated>
		<difficult>0</difficult>
		<bndbox>
			<xmin>489</xmin>
			<ymin>1860</ymin>
			<xmax>549</xmax>
			<ymax>1913</ymax>
		</bndbox>
	</object>
	<object>
		<name>object</name>
		<pose>Unspecified</pose>
		<truncated>0</truncated>
		<difficult>0</difficult>
		<bndbox>
			<xmin>499</xmin>
			<ymin>1918</ymin>
			<xmax>551</xmax>
			<ymax>1970</ymax>
		</bndbox>
	</object>
	<object>
		<name>object</name>
		<pose>Unspecified</pose>
		<truncated>0</truncated>
		<difficult>0</difficult>
		<bndbox>
			<xmin>555</xmin>
			<ymin>1921</ymin>
			<xmax>616</xmax>
			<ymax>1965</ymax>
		</bndbox>
	</object>
	<object>
		<name>object</name>
		<pose>Unspecified</pose>
		<truncated>0</truncated>
		<difficult>0</difficult>
		<bndbox>
			<xmin>694</xmin>
			<ymin>1782</ymin>
			<xmax>838</xmax>
			<ymax>1941</ymax>
		</bndbox>
	</object>
	<object>
		<name>object</name>
		<pose>Unspecified</pose>
		<truncated>0</truncated>
		<difficult>0</difficult>
		<bndbox>
			<xmin>735</xmin>
			<ymin>1651</ymin>
			<xmax>851</xmax>
			<ymax>1765</ymax>
		</bndbox>
	</object>
	<object>
		<name>object</name>
		<pose>Unspecified</pose>
		<truncated>0</truncated>
		<difficult>0</difficult>
		<bndbox>
			<xmin>517</xmin>
			<ymin>1718</ymin>
			<xmax>571</xmax>
			<ymax>1762</ymax>
		</bndbox>
	</object>
	<object>
		<name>object</name>
		<pose>Unspecified</pose>
		<truncated>0</truncated>
		<difficult>0</difficult>
		<bndbox>
			<xmin>2147</xmin>
			<ymin>916</ymin>
			<xmax>2205</xmax>
			<ymax>988</ymax>
		</bndbox>
	</object>
	<object>
		<name>object</name>
		<pose>Unspecified</pose>
		<truncated>0</truncated>
		<difficult>0</difficult>
		<bndbox>
			<xmin>2337</xmin>
			<ymin>974</ymin>
			<xmax>2426</xmax>
			<ymax>1150</ymax>
		</bndbox>
	</object>
	<object>
		<name>object</name>
		<pose>Unspecified</pose>
		<truncated>0</truncated>
		<difficult>0</difficult>
		<bndbox>
			<xmin>890</xmin>
			<ymin>936</ymin>
			<xmax>1058</xmax>
			<ymax>965</ymax>
		</bndbox>
	</object>
	<object>
		<name>object</name>
		<pose>Unspecified</pose>
		<truncated>0</truncated>
		<difficult>0</difficult>
		<bndbox>
			<xmin>618</xmin>
			<ymin>1242</ymin>
			<xmax>876</xmax>
			<ymax>1307</ymax>
		</bndbox>
	</object>
	<object>
		<name>object</name>
		<pose>Unspecified</pose>
		<truncated>0</truncated>
		<difficult>0</difficult>
		<bndbox>
			<xmin>614</xmin>
			<ymin>1180</ymin>
			<xmax>863</xmax>
			<ymax>1235</ymax>
		</bndbox>
	</object>
	<object>
		<name>object</name>
		<pose>Unspecified</pose>
		<truncated>0</truncated>
		<difficult>0</difficult>
		<bndbox>
			<xmin>898</xmin>
			<ymin>1294</ymin>
			<xmax>1000</xmax>
			<ymax>1430</ymax>
		</bndbox>
	</object>
	<object>
		<name>object</name>
		<pose>Unspecified</pose>
		<truncated>0</truncated>
		<difficult>0</difficult>
		<bndbox>
			<xmin>891</xmin>
			<ymin>1436</ymin>
			<xmax>1000</xmax>
			<ymax>1576</ymax>
		</bndbox>
	</object>
	<object>
		<name>object</name>
		<pose>Unspecified</pose>
		<truncated>0</truncated>
		<difficult>0</difficult>
		<bndbox>
			<xmin>1013</xmin>
			<ymin>1309</ymin>
			<xmax>1272</xmax>
			<ymax>1566</ymax>
		</bndbox>
	</object>
	<object>
		<name>object</name>
		<pose>Unspecified</pose>
		<truncated>0</truncated>
		<difficult>0</difficult>
		<bndbox>
			<xmin>1275</xmin>
			<ymin>1245</ymin>
			<xmax>1378</xmax>
			<ymax>1404</ymax>
		</bndbox>
	</object>
	<object>
		<name>object</name>
		<pose>Unspecified</pose>
		<truncated>0</truncated>
		<difficult>0</difficult>
		<bndbox>
			<xmin>1280</xmin>
			<ymin>1408</ymin>
			<xmax>1388</xmax>
			<ymax>1564</ymax>
		</bndbox>
	</object>
	<object>
		<name>object</name>
		<pose>Unspecified</pose>
		<truncated>0</truncated>
		<difficult>0</difficult>
		<bndbox>
			<xmin>1389</xmin>
			<ymin>1278</ymin>
			<xmax>1498</xmax>
			<ymax>1560</ymax>
		</bndbox>
	</object>
	<object>
		<name>object</name>
		<pose>Unspecified</pose>
		<truncated>0</truncated>
		<difficult>0</difficult>
		<bndbox>
			<xmin>1499</xmin>
			<ymin>1333</ymin>
			<xmax>1574</xmax>
			<ymax>1403</ymax>
		</bndbox>
	</object>
	<object>
		<name>object</name>
		<pose>Unspecified</pose>
		<truncated>0</truncated>
		<difficult>0</difficult>
		<bndbox>
			<xmin>1574</xmin>
			<ymin>1325</ymin>
			<xmax>1666</xmax>
			<ymax>1561</ymax>
		</bndbox>
	</object>
	<object>
		<name>object</name>
		<pose>Unspecified</pose>
		<truncated>0</truncated>
		<difficult>0</difficult>
		<bndbox>
			<xmin>1502</xmin>
			<ymin>1408</ymin>
			<xmax>1571</xmax>
			<ymax>1554</ymax>
		</bndbox>
	</object>
	<object>
		<name>object</name>
		<pose>Unspecified</pose>
		<truncated>0</truncated>
		<difficult>0</difficult>
		<bndbox>
			<xmin>603</xmin>
			<ymin>1309</ymin>
			<xmax>872</xmax>
			<ymax>1581</ymax>
		</bndbox>
	</object>
	<object>
		<name>object</name>
		<pose>Unspecified</pose>
		<truncated>0</truncated>
		<difficult>0</difficult>
		<bndbox>
			<xmin>1651</xmin>
			<ymin>1231</ymin>
			<xmax>1903</xmax>
			<ymax>1276</ymax>
		</bndbox>
	</object>
	<object>
		<name>object</name>
		<pose>Unspecified</pose>
		<truncated>0</truncated>
		<difficult>0</difficult>
		<bndbox>
			<xmin>1925</xmin>
			<ymin>1380</ymin>
			<xmax>2023</xmax>
			<ymax>1543</ymax>
		</bndbox>
	</object>
	<object>
		<name>object</name>
		<pose>Unspecified</pose>
		<truncated>0</truncated>
		<difficult>0</difficult>
		<bndbox>
			<xmin>2032</xmin>
			<ymin>1285</ymin>
			<xmax>2131</xmax>
			<ymax>1536</ymax>
		</bndbox>
	</object>
	<object>
		<name>object</name>
		<pose>Unspecified</pose>
		<truncated>0</truncated>
		<difficult>0</difficult>
		<bndbox>
			<xmin>2136</xmin>
			<ymin>1314</ymin>
			<xmax>2228</xmax>
			<ymax>1391</ymax>
		</bndbox>
	</object>
	<object>
		<name>object</name>
		<pose>Unspecified</pose>
		<truncated>0</truncated>
		<difficult>0</difficult>
		<bndbox>
			<xmin>1172</xmin>
			<ymin>898</ymin>
			<xmax>1290</xmax>
			<ymax>1176</ymax>
		</bndbox>
	</object>
	<object>
		<name>object</name>
		<pose>Unspecified</pose>
		<truncated>0</truncated>
		<difficult>0</difficult>
		<bndbox>
			<xmin>2230</xmin>
			<ymin>1310</ymin>
			<xmax>2314</xmax>
			<ymax>1540</ymax>
		</bndbox>
	</object>
	<object>
		<name>object</name>
		<pose>Unspecified</pose>
		<truncated>0</truncated>
		<difficult>0</difficult>
		<bndbox>
			<xmin>2323</xmin>
			<ymin>1242</ymin>
			<xmax>2356</xmax>
			<ymax>1541</ymax>
		</bndbox>
	</object>
	<object>
		<name>object</name>
		<pose>Unspecified</pose>
		<truncated>0</truncated>
		<difficult>0</difficult>
		<bndbox>
			<xmin>149</xmin>
			<ymin>1933</ymin>
			<xmax>205</xmax>
			<ymax>1987</ymax>
		</bndbox>
	</object>
	<object>
		<name>object</name>
		<pose>Unspecified</pose>
		<truncated>0</truncated>
		<difficult>0</difficult>
		<bndbox>
			<xmin>208</xmin>
			<ymin>1935</ymin>
			<xmax>269</xmax>
			<ymax>1980</ymax>
		</bndbox>
	</object>
	<object>
		<name>object</name>
		<pose>Unspecified</pose>
		<truncated>0</truncated>
		<difficult>0</difficult>
		<bndbox>
			<xmin>285</xmin>
			<ymin>1803</ymin>
			<xmax>342</xmax>
			<ymax>1865</ymax>
		</bndbox>
	</object>
	<object>
		<name>object</name>
		<pose>Unspecified</pose>
		<truncated>0</truncated>
		<difficult>0</difficult>
		<bndbox>
			<xmin>0</xmin>
			<ymin>3</ymin>
			<xmax>147</xmax>
			<ymax>227</ymax>
		</bndbox>
	</object>
	<object>
		<name>object</name>
		<pose>Unspecified</pose>
		<truncated>0</truncated>
		<difficult>0</difficult>
		<bndbox>
			<xmin>153</xmin>
			<ymin>2</ymin>
			<xmax>267</xmax>
			<ymax>225</ymax>
		</bndbox>
	</object>
	<object>
		<name>object</name>
		<pose>Unspecified</pose>
		<truncated>0</truncated>
		<difficult>0</difficult>
		<bndbox>
			<xmin>1666</xmin>
			<ymin>1280</ymin>
			<xmax>1895</xmax>
			<ymax>1516</ymax>
		</bndbox>
	</object>
	<object>
		<name>object</name>
		<pose>Unspecified</pose>
		<truncated>0</truncated>
		<difficult>0</difficult>
		<bndbox>
			<xmin>267</xmin>
			<ymin>3</ymin>
			<xmax>418</xmax>
			<ymax>223</ymax>
		</bndbox>
	</object>
	<object>
		<name>object</name>
		<pose>Unspecified</pose>
		<truncated>0</truncated>
		<difficult>0</difficult>
		<bndbox>
			<xmin>492</xmin>
			<ymin>1342</ymin>
			<xmax>592</xmax>
			<ymax>1587</ymax>
		</bndbox>
	</object>
	<object>
		<name>object</name>
		<pose>Unspecified</pose>
		<truncated>0</truncated>
		<difficult>0</difficult>
		<bndbox>
			<xmin>2424</xmin>
			<ymin>1380</ymin>
			<xmax>2502</xmax>
			<ymax>1526</ymax>
		</bndbox>
	</object>
	<object>
		<name>object</name>
		<pose>Unspecified</pose>
		<truncated>0</truncated>
		<difficult>0</difficult>
		<bndbox>
			<xmin>201</xmin>
			<ymin>1873</ymin>
			<xmax>268</xmax>
			<ymax>1926</ymax>
		</bndbox>
	</object>
	<object>
		<name>object</name>
		<pose>Unspecified</pose>
		<truncated>0</truncated>
		<difficult>0</difficult>
		<bndbox>
			<xmin>83</xmin>
			<ymin>1942</ymin>
			<xmax>141</xmax>
			<ymax>1990</ymax>
		</bndbox>
	</object>
	<object>
		<name>object</name>
		<pose>Unspecified</pose>
		<truncated>0</truncated>
		<difficult>0</difficult>
		<bndbox>
			<xmin>80</xmin>
			<ymin>1880</ymin>
			<xmax>139</xmax>
			<ymax>1937</ymax>
		</bndbox>
	</object>
	<object>
		<name>object</name>
		<pose>Unspecified</pose>
		<truncated>0</truncated>
		<difficult>0</difficult>
		<bndbox>
			<xmin>201</xmin>
			<ymin>1818</ymin>
			<xmax>270</xmax>
			<ymax>1873</ymax>
		</bndbox>
	</object>
	<object>
		<name>object</name>
		<pose>Unspecified</pose>
		<truncated>0</truncated>
		<difficult>0</difficult>
		<bndbox>
			<xmin>132</xmin>
			<ymin>1817</ymin>
			<xmax>198</xmax>
			<ymax>1870</ymax>
		</bndbox>
	</object>
	<object>
		<name>object</name>
		<pose>Unspecified</pose>
		<truncated>0</truncated>
		<difficult>0</difficult>
		<bndbox>
			<xmin>74</xmin>
			<ymin>1815</ymin>
			<xmax>134</xmax>
			<ymax>1879</ymax>
		</bndbox>
	</object>
	<object>
		<name>object</name>
		<pose>Unspecified</pose>
		<truncated>0</truncated>
		<difficult>0</difficult>
		<bndbox>
			<xmin>0</xmin>
			<ymin>1925</ymin>
			<xmax>65</xmax>
			<ymax>1978</ymax>
		</bndbox>
	</object>
	<object>
		<name>object</name>
		<pose>Unspecified</pose>
		<truncated>0</truncated>
		<difficult>0</difficult>
		<bndbox>
			<xmin>0</xmin>
			<ymin>1866</ymin>
			<xmax>57</xmax>
			<ymax>1926</ymax>
		</bndbox>
	</object>
	<object>
		<name>object</name>
		<pose>Unspecified</pose>
		<truncated>0</truncated>
		<difficult>0</difficult>
		<bndbox>
			<xmin>0</xmin>
			<ymin>1800</ymin>
			<xmax>57</xmax>
			<ymax>1865</ymax>
		</bndbox>
	</object>
	<object>
		<name>object</name>
		<pose>Unspecified</pose>
		<truncated>0</truncated>
		<difficult>0</difficult>
		<bndbox>
			<xmin>388</xmin>
			<ymin>1691</ymin>
			<xmax>446</xmax>
			<ymax>1765</ymax>
		</bndbox>
	</object>
	<object>
		<name>object</name>
		<pose>Unspecified</pose>
		<truncated>0</truncated>
		<difficult>0</difficult>
		<bndbox>
			<xmin>329</xmin>
			<ymin>1685</ymin>
			<xmax>385</xmax>
			<ymax>1767</ymax>
		</bndbox>
	</object>
	<object>
		<name>object</name>
		<pose>Unspecified</pose>
		<truncated>0</truncated>
		<difficult>0</difficult>
		<bndbox>
			<xmin>2428</xmin>
			<ymin>1224</ymin>
			<xmax>2493</xmax>
			<ymax>1377</ymax>
		</bndbox>
	</object>
	<object>
		<name>object</name>
		<pose>Unspecified</pose>
		<truncated>0</truncated>
		<difficult>0</difficult>
		<bndbox>
			<xmin>257</xmin>
			<ymin>1717</ymin>
			<xmax>315</xmax>
			<ymax>1762</ymax>
		</bndbox>
	</object>
	<object>
		<name>object</name>
		<pose>Unspecified</pose>
		<truncated>0</truncated>
		<difficult>0</difficult>
		<bndbox>
			<xmin>125</xmin>
			<ymin>1717</ymin>
			<xmax>192</xmax>
			<ymax>1773</ymax>
		</bndbox>
	</object>
	<object>
		<name>object</name>
		<pose>Unspecified</pose>
		<truncated>0</truncated>
		<difficult>0</difficult>
		<bndbox>
			<xmin>64</xmin>
			<ymin>1721</ymin>
			<xmax>122</xmax>
			<ymax>1774</ymax>
		</bndbox>
	</object>
	<object>
		<name>object</name>
		<pose>Unspecified</pose>
		<truncated>0</truncated>
		<difficult>0</difficult>
		<bndbox>
			<xmin>0</xmin>
			<ymin>1724</ymin>
			<xmax>63</xmax>
			<ymax>1772</ymax>
		</bndbox>
	</object>
	<object>
		<name>object</name>
		<pose>Unspecified</pose>
		<truncated>0</truncated>
		<difficult>0</difficult>
		<bndbox>
			<xmin>267</xmin>
			<ymin>1665</ymin>
			<xmax>316</xmax>
			<ymax>1716</ymax>
		</bndbox>
	</object>
	<object>
		<name>object</name>
		<pose>Unspecified</pose>
		<truncated>0</truncated>
		<difficult>0</difficult>
		<bndbox>
			<xmin>215</xmin>
			<ymin>1664</ymin>
			<xmax>264</xmax>
			<ymax>1717</ymax>
		</bndbox>
	</object>
	<object>
		<name>object</name>
		<pose>Unspecified</pose>
		<truncated>0</truncated>
		<difficult>0</difficult>
		<bndbox>
			<xmin>149</xmin>
			<ymin>1665</ymin>
			<xmax>205</xmax>
			<ymax>1717</ymax>
		</bndbox>
	</object>
	<object>
		<name>object</name>
		<pose>Unspecified</pose>
		<truncated>0</truncated>
		<difficult>0</difficult>
		<bndbox>
			<xmin>80</xmin>
			<ymin>1661</ymin>
			<xmax>139</xmax>
			<ymax>1713</ymax>
		</bndbox>
	</object>
	<object>
		<name>object</name>
		<pose>Unspecified</pose>
		<truncated>0</truncated>
		<difficult>0</difficult>
		<bndbox>
			<xmin>21</xmin>
			<ymin>1665</ymin>
			<xmax>81</xmax>
			<ymax>1713</ymax>
		</bndbox>
	</object>
	<object>
		<name>object</name>
		<pose>Unspecified</pose>
		<truncated>0</truncated>
		<difficult>0</difficult>
		<bndbox>
			<xmin>2698</xmin>
			<ymin>1300</ymin>
			<xmax>2794</xmax>
			<ymax>1523</ymax>
		</bndbox>
	</object>
	<object>
		<name>object</name>
		<pose>Unspecified</pose>
		<truncated>0</truncated>
		<difficult>0</difficult>
		<bndbox>
			<xmin>2649</xmin>
			<ymin>1363</ymin>
			<xmax>2696</xmax>
			<ymax>1533</ymax>
		</bndbox>
	</object>
	<object>
		<name>object</name>
		<pose>Unspecified</pose>
		<truncated>0</truncated>
		<difficult>0</difficult>
		<bndbox>
			<xmin>2528</xmin>
			<ymin>1262</ymin>
			<xmax>2644</xmax>
			<ymax>1528</ymax>
		</bndbox>
	</object>
	<object>
		<name>object</name>
		<pose>Unspecified</pose>
		<truncated>0</truncated>
		<difficult>0</difficult>
		<bndbox>
			<xmin>191</xmin>
			<ymin>1718</ymin>
			<xmax>254</xmax>
			<ymax>1776</ymax>
		</bndbox>
	</object>
	<object>
		<name>object</name>
		<pose>Unspecified</pose>
		<truncated>0</truncated>
		<difficult>0</difficult>
		<bndbox>
			<xmin>451</xmin>
			<ymin>3</ymin>
			<xmax>581</xmax>
			<ymax>230</ymax>
		</bndbox>
	</object>
	<object>
		<name>object</name>
		<pose>Unspecified</pose>
		<truncated>0</truncated>
		<difficult>0</difficult>
		<bndbox>
			<xmin>2143</xmin>
			<ymin>1398</ymin>
			<xmax>2217</xmax>
			<ymax>1535</ymax>
		</bndbox>
	</object>
	<object>
		<name>object</name>
		<pose>Unspecified</pose>
		<truncated>0</truncated>
		<difficult>0</difficult>
		<bndbox>
			<xmin>704</xmin>
			<ymin>3</ymin>
			<xmax>836</xmax>
			<ymax>231</ymax>
		</bndbox>
	</object>
	<object>
		<name>object</name>
		<pose>Unspecified</pose>
		<truncated>0</truncated>
		<difficult>0</difficult>
		<bndbox>
			<xmin>877</xmin>
			<ymin>399</ymin>
			<xmax>1137</xmax>
			<ymax>460</ymax>
		</bndbox>
	</object>
	<object>
		<name>object</name>
		<pose>Unspecified</pose>
		<truncated>0</truncated>
		<difficult>0</difficult>
		<bndbox>
			<xmin>822</xmin>
			<ymin>475</ymin>
			<xmax>1114</xmax>
			<ymax>758</ymax>
		</bndbox>
	</object>
	<object>
		<name>object</name>
		<pose>Unspecified</pose>
		<truncated>0</truncated>
		<difficult>0</difficult>
		<bndbox>
			<xmin>1113</xmin>
			<ymin>628</ymin>
			<xmax>1214</xmax>
			<ymax>759</ymax>
		</bndbox>
	</object>
	<object>
		<name>object</name>
		<pose>Unspecified</pose>
		<truncated>0</truncated>
		<difficult>0</difficult>
		<bndbox>
			<xmin>1113</xmin>
			<ymin>479</ymin>
			<xmax>1214</xmax>
			<ymax>624</ymax>
		</bndbox>
	</object>
	<object>
		<name>object</name>
		<pose>Unspecified</pose>
		<truncated>0</truncated>
		<difficult>0</difficult>
		<bndbox>
			<xmin>1217</xmin>
			<ymin>423</ymin>
			<xmax>1337</xmax>
			<ymax>596</ymax>
		</bndbox>
	</object>
	<object>
		<name>object</name>
		<pose>Unspecified</pose>
		<truncated>0</truncated>
		<difficult>0</difficult>
		<bndbox>
			<xmin>1224</xmin>
			<ymin>596</ymin>
			<xmax>1336</xmax>
			<ymax>756</ymax>
		</bndbox>
	</object>
	<object>
		<name>object</name>
		<pose>Unspecified</pose>
		<truncated>0</truncated>
		<difficult>0</difficult>
		<bndbox>
			<xmin>1342</xmin>
			<ymin>469</ymin>
			<xmax>1456</xmax>
			<ymax>753</ymax>
		</bndbox>
	</object>
	<object>
		<name>object</name>
		<pose>Unspecified</pose>
		<truncated>0</truncated>
		<difficult>0</difficult>
		<bndbox>
			<xmin>1457</xmin>
			<ymin>586</ymin>
			<xmax>1546</xmax>
			<ymax>755</ymax>
		</bndbox>
	</object>
	<object>
		<name>object</name>
		<pose>Unspecified</pose>
		<truncated>0</truncated>
		<difficult>0</difficult>
		<bndbox>
			<xmin>583</xmin>
			<ymin>1</ymin>
			<xmax>703</xmax>
			<ymax>229</ymax>
		</bndbox>
	</object>
	<object>
		<name>object</name>
		<pose>Unspecified</pose>
		<truncated>0</truncated>
		<difficult>0</difficult>
		<bndbox>
			<xmin>187</xmin>
			<ymin>486</ymin>
			<xmax>335</xmax>
			<ymax>680</ymax>
		</bndbox>
	</object>
	<object>
		<name>object</name>
		<pose>Unspecified</pose>
		<truncated>0</truncated>
		<difficult>0</difficult>
		<bndbox>
			<xmin>343</xmin>
			<ymin>489</ymin>
			<xmax>495</xmax>
			<ymax>678</ymax>
		</bndbox>
	</object>
	<object>
		<name>object</name>
		<pose>Unspecified</pose>
		<truncated>0</truncated>
		<difficult>0</difficult>
		<bndbox>
			<xmin>506</xmin>
			<ymin>476</ymin>
			<xmax>656</xmax>
			<ymax>680</ymax>
		</bndbox>
	</object>
	<object>
		<name>object</name>
		<pose>Unspecified</pose>
		<truncated>0</truncated>
		<difficult>0</difficult>
		<bndbox>
			<xmin>659</xmin>
			<ymin>475</ymin>
			<xmax>811</xmax>
			<ymax>684</ymax>
		</bndbox>
	</object>
	<object>
		<name>object</name>
		<pose>Unspecified</pose>
		<truncated>0</truncated>
		<difficult>0</difficult>
		<bndbox>
			<xmin>55</xmin>
			<ymin>916</ymin>
			<xmax>200</xmax>
			<ymax>1124</ymax>
		</bndbox>
	</object>
	<object>
		<name>object</name>
		<pose>Unspecified</pose>
		<truncated>0</truncated>
		<difficult>0</difficult>
		<bndbox>
			<xmin>212</xmin>
			<ymin>913</ymin>
			<xmax>355</xmax>
			<ymax>1117</ymax>
		</bndbox>
	</object>
	<object>
		<name>object</name>
		<pose>Unspecified</pose>
		<truncated>0</truncated>
		<difficult>0</difficult>
		<bndbox>
			<xmin>191</xmin>
			<ymin>787</ymin>
			<xmax>349</xmax>
			<ymax>907</ymax>
		</bndbox>
	</object>
	<object>
		<name>object</name>
		<pose>Unspecified</pose>
		<truncated>0</truncated>
		<difficult>0</difficult>
		<bndbox>
			<xmin>388</xmin>
			<ymin>978</ymin>
			<xmax>533</xmax>
			<ymax>1117</ymax>
		</bndbox>
	</object>
	<object>
		<name>object</name>
		<pose>Unspecified</pose>
		<truncated>0</truncated>
		<difficult>0</difficult>
		<bndbox>
			<xmin>541</xmin>
			<ymin>980</ymin>
			<xmax>676</xmax>
			<ymax>1117</ymax>
		</bndbox>
	</object>
	<object>
		<name>object</name>
		<pose>Unspecified</pose>
		<truncated>0</truncated>
		<difficult>0</difficult>
		<bndbox>
			<xmin>554</xmin>
			<ymin>851</ymin>
			<xmax>707</xmax>
			<ymax>978</ymax>
		</bndbox>
	</object>
	<object>
		<name>object</name>
		<pose>Unspecified</pose>
		<truncated>0</truncated>
		<difficult>0</difficult>
		<bndbox>
			<xmin>850</xmin>
			<ymin>978</ymin>
			<xmax>1061</xmax>
			<ymax>1176</ymax>
		</bndbox>
	</object>
	<object>
		<name>object</name>
		<pose>Unspecified</pose>
		<truncated>0</truncated>
		<difficult>0</difficult>
		<bndbox>
			<xmin>1061</xmin>
			<ymin>1011</ymin>
			<xmax>1163</xmax>
			<ymax>1176</ymax>
		</bndbox>
	</object>
	<object>
		<name>object</name>
		<pose>Unspecified</pose>
		<truncated>0</truncated>
		<difficult>0</difficult>
		<bndbox>
			<xmin>1064</xmin>
			<ymin>843</ymin>
			<xmax>1165</xmax>
			<ymax>1013</ymax>
		</bndbox>
	</object>
	<object>
		<name>object</name>
		<pose>Unspecified</pose>
		<truncated>0</truncated>
		<difficult>0</difficult>
		<bndbox>
			<xmin>888</xmin>
			<ymin>836</ymin>
			<xmax>1060</xmax>
			<ymax>864</ymax>
		</bndbox>
	</object>
	<object>
		<name>object</name>
		<pose>Unspecified</pose>
		<truncated>0</truncated>
		<difficult>0</difficult>
		<bndbox>
			<xmin>892</xmin>
			<ymin>864</ymin>
			<xmax>1061</xmax>
			<ymax>896</ymax>
		</bndbox>
	</object>
	<object>
		<name>object</name>
		<pose>Unspecified</pose>
		<truncated>0</truncated>
		<difficult>0</difficult>
		<bndbox>
			<xmin>891</xmin>
			<ymin>898</ymin>
			<xmax>1057</xmax>
			<ymax>935</ymax>
		</bndbox>
	</object>
	<object>
		<name>object</name>
		<pose>Unspecified</pose>
		<truncated>0</truncated>
		<difficult>0</difficult>
		<bndbox>
			<xmin>1545</xmin>
			<ymin>526</ymin>
			<xmax>1675</xmax>
			<ymax>756</ymax>
		</bndbox>
	</object>
	<object>
		<name>object</name>
		<pose>Unspecified</pose>
		<truncated>0</truncated>
		<difficult>0</difficult>
		<bndbox>
			<xmin>1678</xmin>
			<ymin>635</ymin>
			<xmax>1776</xmax>
			<ymax>753</ymax>
		</bndbox>
	</object>
	<object>
		<name>object</name>
		<pose>Unspecified</pose>
		<truncated>0</truncated>
		<difficult>0</difficult>
		<bndbox>
			<xmin>21</xmin>
			<ymin>475</ymin>
			<xmax>184</xmax>
			<ymax>679</ymax>
		</bndbox>
	</object>
	<object>
		<name>object</name>
		<pose>Unspecified</pose>
		<truncated>0</truncated>
		<difficult>0</difficult>
		<bndbox>
			<xmin>1835</xmin>
			<ymin>475</ymin>
			<xmax>1926</xmax>
			<ymax>753</ymax>
		</bndbox>
	</object>
	<object>
		<name>object</name>
		<pose>Unspecified</pose>
		<truncated>0</truncated>
		<difficult>0</difficult>
		<bndbox>
			<xmin>843</xmin>
			<ymin>3</ymin>
			<xmax>974</xmax>
			<ymax>234</ymax>
		</bndbox>
	</object>
	<object>
		<name>object</name>
		<pose>Unspecified</pose>
		<truncated>0</truncated>
		<difficult>0</difficult>
		<bndbox>
			<xmin>2499</xmin>
			<ymin>438</ymin>
			<xmax>2662</xmax>
			<ymax>591</ymax>
		</bndbox>
	</object>
	<object>
		<name>object</name>
		<pose>Unspecified</pose>
		<truncated>0</truncated>
		<difficult>0</difficult>
		<bndbox>
			<xmin>1131</xmin>
			<ymin>3</ymin>
			<xmax>1264</xmax>
			<ymax>233</ymax>
		</bndbox>
	</object>
	<object>
		<name>object</name>
		<pose>Unspecified</pose>
		<truncated>0</truncated>
		<difficult>0</difficult>
		<bndbox>
			<xmin>1265</xmin>
			<ymin>126</ymin>
			<xmax>1363</xmax>
			<ymax>232</ymax>
		</bndbox>
	</object>
	<object>
		<name>object</name>
		<pose>Unspecified</pose>
		<truncated>0</truncated>
		<difficult>0</difficult>
		<bndbox>
			<xmin>1265</xmin>
			<ymin>0</ymin>
			<xmax>1363</xmax>
			<ymax>121</ymax>
		</bndbox>
	</object>
	<object>
		<name>object</name>
		<pose>Unspecified</pose>
		<truncated>0</truncated>
		<difficult>0</difficult>
		<bndbox>
			<xmin>1366</xmin>
			<ymin>0</ymin>
			<xmax>1484</xmax>
			<ymax>238</ymax>
		</bndbox>
	</object>
	<object>
		<name>object</name>
		<pose>Unspecified</pose>
		<truncated>0</truncated>
		<difficult>0</difficult>
		<bndbox>
			<xmin>1495</xmin>
			<ymin>80</ymin>
			<xmax>1668</xmax>
			<ymax>237</ymax>
		</bndbox>
	</object>
	<object>
		<name>object</name>
		<pose>Unspecified</pose>
		<truncated>0</truncated>
		<difficult>0</difficult>
		<bndbox>
			<xmin>1672</xmin>
			<ymin>7</ymin>
			<xmax>1782</xmax>
			<ymax>238</ymax>
		</bndbox>
	</object>
	<object>
		<name>object</name>
		<pose>Unspecified</pose>
		<truncated>0</truncated>
		<difficult>0</difficult>
		<bndbox>
			<xmin>1789</xmin>
			<ymin>3</ymin>
			<xmax>1929</xmax>
			<ymax>245</ymax>
		</bndbox>
	</object>
	<object>
		<name>object</name>
		<pose>Unspecified</pose>
		<truncated>0</truncated>
		<difficult>0</difficult>
		<bndbox>
			<xmin>2046</xmin>
			<ymin>104</ymin>
			<xmax>2193</xmax>
			<ymax>238</ymax>
		</bndbox>
	</object>
	<object>
		<name>object</name>
		<pose>Unspecified</pose>
		<truncated>0</truncated>
		<difficult>0</difficult>
		<bndbox>
			<xmin>2192</xmin>
			<ymin>11</ymin>
			<xmax>2265</xmax>
			<ymax>239</ymax>
		</bndbox>
	</object>
	<object>
		<name>object</name>
		<pose>Unspecified</pose>
		<truncated>0</truncated>
		<difficult>0</difficult>
		<bndbox>
			<xmin>2275</xmin>
			<ymin>3</ymin>
			<xmax>2492</xmax>
			<ymax>250</ymax>
		</bndbox>
	</object>
	<object>
		<name>object</name>
		<pose>Unspecified</pose>
		<truncated>0</truncated>
		<difficult>0</difficult>
		<bndbox>
			<xmin>988</xmin>
			<ymin>3</ymin>
			<xmax>1109</xmax>
			<ymax>232</ymax>
		</bndbox>
	</object>
	<object>
		<name>object</name>
		<pose>Unspecified</pose>
		<truncated>0</truncated>
		<difficult>0</difficult>
		<bndbox>
			<xmin>2681</xmin>
			<ymin>1</ymin>
			<xmax>2915</xmax>
			<ymax>257</ymax>
		</bndbox>
	</object>
	<object>
		<name>object</name>
		<pose>Unspecified</pose>
		<truncated>0</truncated>
		<difficult>0</difficult>
		<bndbox>
			<xmin>2497</xmin>
			<ymin>0</ymin>
			<xmax>2676</xmax>
			<ymax>256</ymax>
		</bndbox>
	</object>
	<object>
		<name>object</name>
		<pose>Unspecified</pose>
		<truncated>0</truncated>
		<difficult>0</difficult>
		<bndbox>
			<xmin>2730</xmin>
			<ymin>639</ymin>
			<xmax>2846</xmax>
			<ymax>746</ymax>
		</bndbox>
	</object>
	<object>
		<name>object</name>
		<pose>Unspecified</pose>
		<truncated>0</truncated>
		<difficult>0</difficult>
		<bndbox>
			<xmin>2299</xmin>
			<ymin>557</ymin>
			<xmax>2494</xmax>
			<ymax>741</ymax>
		</bndbox>
	</object>
	<object>
		<name>object</name>
		<pose>Unspecified</pose>
		<truncated>0</truncated>
		<difficult>0</difficult>
		<bndbox>
			<xmin>2189</xmin>
			<ymin>423</ymin>
			<xmax>2297</xmax>
			<ymax>748</ymax>
		</bndbox>
	</object>
	<object>
		<name>object</name>
		<pose>Unspecified</pose>
		<truncated>0</truncated>
		<difficult>0</difficult>
		<bndbox>
			<xmin>2154</xmin>
			<ymin>444</ymin>
			<xmax>2188</xmax>
			<ymax>757</ymax>
		</bndbox>
	</object>
	<object>
		<name>object</name>
		<pose>Unspecified</pose>
		<truncated>0</truncated>
		<difficult>0</difficult>
		<bndbox>
			<xmin>2611</xmin>
			<ymin>593</ymin>
			<xmax>2727</xmax>
			<ymax>745</ymax>
		</bndbox>
	</object>
	<object>
		<name>object</name>
		<pose>Unspecified</pose>
		<truncated>0</truncated>
		<difficult>0</difficult>
		<bndbox>
			<xmin>2074</xmin>
			<ymin>444</ymin>
			<xmax>2120</xmax>
			<ymax>747</ymax>
		</bndbox>
	</object>
	<object>
		<name>object</name>
		<pose>Unspecified</pose>
		<truncated>0</truncated>
		<difficult>0</difficult>
		<bndbox>
			<xmin>1928</xmin>
			<ymin>385</ymin>
			<xmax>2049</xmax>
			<ymax>750</ymax>
		</bndbox>
	</object>
	<object>
		<name>object</name>
		<pose>Unspecified</pose>
		<truncated>0</truncated>
		<difficult>0</difficult>
		<bndbox>
			<xmin>1689</xmin>
			<ymin>291</ymin>
			<xmax>1834</xmax>
			<ymax>617</ymax>
		</bndbox>
	</object>
	<object>
		<name>object</name>
		<pose>Unspecified</pose>
		<truncated>0</truncated>
		<difficult>0</difficult>
		<bndbox>
			<xmin>2757</xmin>
			<ymin>319</ymin>
			<xmax>2877</xmax>
			<ymax>637</ymax>
		</bndbox>
	</object>
	<object>
		<name>object</name>
		<pose>Unspecified</pose>
		<truncated>0</truncated>
		<difficult>0</difficult>
		<bndbox>
			<xmin>2118</xmin>
			<ymin>446</ymin>
			<xmax>2153</xmax>
			<ymax>748</ymax>
		</bndbox>
	</object>
</annotation>
