<?xml version="1.0" ?>
<annotation>
	<folder>SKU_110K</folder>
	<filename>train_5615.jpg</filename>
	<path>/mnt/hdd10tb/Users/anhvn/SKU110K_fixed/images/train_5615.jpg</path>
	<source>
		<database>Unknown</database>
	</source>
	<size>
		<width>1920</width>
		<height>2560</height>
		<depth>3</depth>
	</size>
	<segmented>0</segmented>
	<object>
		<name>object</name>
		<pose>Unspecified</pose>
		<truncated>0</truncated>
		<difficult>0</difficult>
		<bndbox>
			<xmin>1176</xmin>
			<ymin>822</ymin>
			<xmax>1272</xmax>
			<ymax>925</ymax>
		</bndbox>
	</object>
	<object>
		<name>object</name>
		<pose>Unspecified</pose>
		<truncated>0</truncated>
		<difficult>0</difficult>
		<bndbox>
			<xmin>1315</xmin>
			<ymin>830</ymin>
			<xmax>1410</xmax>
			<ymax>927</ymax>
		</bndbox>
	</object>
	<object>
		<name>object</name>
		<pose>Unspecified</pose>
		<truncated>0</truncated>
		<difficult>0</difficult>
		<bndbox>
			<xmin>1412</xmin>
			<ymin>838</ymin>
			<xmax>1497</xmax>
			<ymax>931</ymax>
		</bndbox>
	</object>
	<object>
		<name>object</name>
		<pose>Unspecified</pose>
		<truncated>0</truncated>
		<difficult>0</difficult>
		<bndbox>
			<xmin>1579</xmin>
			<ymin>806</ymin>
			<xmax>1684</xmax>
			<ymax>915</ymax>
		</bndbox>
	</object>
	<object>
		<name>object</name>
		<pose>Unspecified</pose>
		<truncated>0</truncated>
		<difficult>0</difficult>
		<bndbox>
			<xmin>1722</xmin>
			<ymin>810</ymin>
			<xmax>1818</xmax>
			<ymax>918</ymax>
		</bndbox>
	</object>
	<object>
		<name>object</name>
		<pose>Unspecified</pose>
		<truncated>0</truncated>
		<difficult>0</difficult>
		<bndbox>
			<xmin>1188</xmin>
			<ymin>293</ymin>
			<xmax>1289</xmax>
			<ymax>479</ymax>
		</bndbox>
	</object>
	<object>
		<name>object</name>
		<pose>Unspecified</pose>
		<truncated>0</truncated>
		<difficult>0</difficult>
		<bndbox>
			<xmin>1197</xmin>
			<ymin>570</ymin>
			<xmax>1299</xmax>
			<ymax>757</ymax>
		</bndbox>
	</object>
	<object>
		<name>object</name>
		<pose>Unspecified</pose>
		<truncated>0</truncated>
		<difficult>0</difficult>
		<bndbox>
			<xmin>1050</xmin>
			<ymin>342</ymin>
			<xmax>1137</xmax>
			<ymax>515</ymax>
		</bndbox>
	</object>
	<object>
		<name>object</name>
		<pose>Unspecified</pose>
		<truncated>0</truncated>
		<difficult>0</difficult>
		<bndbox>
			<xmin>1880</xmin>
			<ymin>594</ymin>
			<xmax>1921</xmax>
			<ymax>762</ymax>
		</bndbox>
	</object>
	<object>
		<name>object</name>
		<pose>Unspecified</pose>
		<truncated>0</truncated>
		<difficult>0</difficult>
		<bndbox>
			<xmin>1783</xmin>
			<ymin>574</ymin>
			<xmax>1879</xmax>
			<ymax>743</ymax>
		</bndbox>
	</object>
	<object>
		<name>object</name>
		<pose>Unspecified</pose>
		<truncated>0</truncated>
		<difficult>0</difficult>
		<bndbox>
			<xmin>1677</xmin>
			<ymin>562</ymin>
			<xmax>1769</xmax>
			<ymax>759</ymax>
		</bndbox>
	</object>
	<object>
		<name>object</name>
		<pose>Unspecified</pose>
		<truncated>0</truncated>
		<difficult>0</difficult>
		<bndbox>
			<xmin>1567</xmin>
			<ymin>610</ymin>
			<xmax>1626</xmax>
			<ymax>763</ymax>
		</bndbox>
	</object>
	<object>
		<name>object</name>
		<pose>Unspecified</pose>
		<truncated>0</truncated>
		<difficult>0</difficult>
		<bndbox>
			<xmin>1461</xmin>
			<ymin>574</ymin>
			<xmax>1566</xmax>
			<ymax>764</ymax>
		</bndbox>
	</object>
	<object>
		<name>object</name>
		<pose>Unspecified</pose>
		<truncated>0</truncated>
		<difficult>0</difficult>
		<bndbox>
			<xmin>1339</xmin>
			<ymin>570</ymin>
			<xmax>1436</xmax>
			<ymax>764</ymax>
		</bndbox>
	</object>
	<object>
		<name>object</name>
		<pose>Unspecified</pose>
		<truncated>0</truncated>
		<difficult>0</difficult>
		<bndbox>
			<xmin>1827</xmin>
			<ymin>818</ymin>
			<xmax>1922</xmax>
			<ymax>924</ymax>
		</bndbox>
	</object>
	<object>
		<name>object</name>
		<pose>Unspecified</pose>
		<truncated>0</truncated>
		<difficult>0</difficult>
		<bndbox>
			<xmin>1030</xmin>
			<ymin>606</ymin>
			<xmax>1125</xmax>
			<ymax>780</ymax>
		</bndbox>
	</object>
	<object>
		<name>object</name>
		<pose>Unspecified</pose>
		<truncated>0</truncated>
		<difficult>0</difficult>
		<bndbox>
			<xmin>1066</xmin>
			<ymin>810</ymin>
			<xmax>1177</xmax>
			<ymax>932</ymax>
		</bndbox>
	</object>
	<object>
		<name>object</name>
		<pose>Unspecified</pose>
		<truncated>0</truncated>
		<difficult>0</difficult>
		<bndbox>
			<xmin>965</xmin>
			<ymin>810</ymin>
			<xmax>1067</xmax>
			<ymax>933</ymax>
		</bndbox>
	</object>
	<object>
		<name>object</name>
		<pose>Unspecified</pose>
		<truncated>0</truncated>
		<difficult>0</difficult>
		<bndbox>
			<xmin>582</xmin>
			<ymin>260</ymin>
			<xmax>680</xmax>
			<ymax>429</ymax>
		</bndbox>
	</object>
	<object>
		<name>object</name>
		<pose>Unspecified</pose>
		<truncated>0</truncated>
		<difficult>0</difficult>
		<bndbox>
			<xmin>712</xmin>
			<ymin>834</ymin>
			<xmax>820</xmax>
			<ymax>947</ymax>
		</bndbox>
	</object>
	<object>
		<name>object</name>
		<pose>Unspecified</pose>
		<truncated>0</truncated>
		<difficult>0</difficult>
		<bndbox>
			<xmin>1351</xmin>
			<ymin>297</ymin>
			<xmax>1451</xmax>
			<ymax>485</ymax>
		</bndbox>
	</object>
	<object>
		<name>object</name>
		<pose>Unspecified</pose>
		<truncated>0</truncated>
		<difficult>0</difficult>
		<bndbox>
			<xmin>297</xmin>
			<ymin>570</ymin>
			<xmax>409</xmax>
			<ymax>712</ymax>
		</bndbox>
	</object>
	<object>
		<name>object</name>
		<pose>Unspecified</pose>
		<truncated>0</truncated>
		<difficult>0</difficult>
		<bndbox>
			<xmin>195</xmin>
			<ymin>838</ymin>
			<xmax>317</xmax>
			<ymax>978</ymax>
		</bndbox>
	</object>
	<object>
		<name>object</name>
		<pose>Unspecified</pose>
		<truncated>0</truncated>
		<difficult>0</difficult>
		<bndbox>
			<xmin>175</xmin>
			<ymin>570</ymin>
			<xmax>280</xmax>
			<ymax>786</ymax>
		</bndbox>
	</object>
	<object>
		<name>object</name>
		<pose>Unspecified</pose>
		<truncated>0</truncated>
		<difficult>0</difficult>
		<bndbox>
			<xmin>12</xmin>
			<ymin>891</ymin>
			<xmax>119</xmax>
			<ymax>1015</ymax>
		</bndbox>
	</object>
	<object>
		<name>object</name>
		<pose>Unspecified</pose>
		<truncated>0</truncated>
		<difficult>0</difficult>
		<bndbox>
			<xmin>0</xmin>
			<ymin>635</ymin>
			<xmax>107</xmax>
			<ymax>843</ymax>
		</bndbox>
	</object>
	<object>
		<name>object</name>
		<pose>Unspecified</pose>
		<truncated>0</truncated>
		<difficult>0</difficult>
		<bndbox>
			<xmin>830</xmin>
			<ymin>322</ymin>
			<xmax>914</xmax>
			<ymax>512</ymax>
		</bndbox>
	</object>
	<object>
		<name>object</name>
		<pose>Unspecified</pose>
		<truncated>0</truncated>
		<difficult>0</difficult>
		<bndbox>
			<xmin>851</xmin>
			<ymin>810</ymin>
			<xmax>958</xmax>
			<ymax>928</ymax>
		</bndbox>
	</object>
	<object>
		<name>object</name>
		<pose>Unspecified</pose>
		<truncated>0</truncated>
		<difficult>0</difficult>
		<bndbox>
			<xmin>720</xmin>
			<ymin>273</ymin>
			<xmax>829</xmax>
			<ymax>441</ymax>
		</bndbox>
	</object>
	<object>
		<name>object</name>
		<pose>Unspecified</pose>
		<truncated>0</truncated>
		<difficult>0</difficult>
		<bndbox>
			<xmin>130</xmin>
			<ymin>285</ymin>
			<xmax>246</xmax>
			<ymax>505</ymax>
		</bndbox>
	</object>
	<object>
		<name>object</name>
		<pose>Unspecified</pose>
		<truncated>0</truncated>
		<difficult>0</difficult>
		<bndbox>
			<xmin>4</xmin>
			<ymin>334</ymin>
			<xmax>87</xmax>
			<ymax>580</ymax>
		</bndbox>
	</object>
	<object>
		<name>object</name>
		<pose>Unspecified</pose>
		<truncated>0</truncated>
		<difficult>0</difficult>
		<bndbox>
			<xmin>456</xmin>
			<ymin>582</ymin>
			<xmax>568</xmax>
			<ymax>708</ymax>
		</bndbox>
	</object>
	<object>
		<name>object</name>
		<pose>Unspecified</pose>
		<truncated>0</truncated>
		<difficult>0</difficult>
		<bndbox>
			<xmin>586</xmin>
			<ymin>574</ymin>
			<xmax>681</xmax>
			<ymax>692</ymax>
		</bndbox>
	</object>
	<object>
		<name>object</name>
		<pose>Unspecified</pose>
		<truncated>0</truncated>
		<difficult>0</difficult>
		<bndbox>
			<xmin>692</xmin>
			<ymin>566</ymin>
			<xmax>829</xmax>
			<ymax>731</ymax>
		</bndbox>
	</object>
	<object>
		<name>object</name>
		<pose>Unspecified</pose>
		<truncated>0</truncated>
		<difficult>0</difficult>
		<bndbox>
			<xmin>830</xmin>
			<ymin>590</ymin>
			<xmax>928</xmax>
			<ymax>781</ymax>
		</bndbox>
	</object>
	<object>
		<name>object</name>
		<pose>Unspecified</pose>
		<truncated>0</truncated>
		<difficult>0</difficult>
		<bndbox>
			<xmin>460</xmin>
			<ymin>830</ymin>
			<xmax>580</xmax>
			<ymax>956</ymax>
		</bndbox>
	</object>
	<object>
		<name>object</name>
		<pose>Unspecified</pose>
		<truncated>0</truncated>
		<difficult>0</difficult>
		<bndbox>
			<xmin>440</xmin>
			<ymin>269</ymin>
			<xmax>555</xmax>
			<ymax>449</ymax>
		</bndbox>
	</object>
	<object>
		<name>object</name>
		<pose>Unspecified</pose>
		<truncated>0</truncated>
		<difficult>0</difficult>
		<bndbox>
			<xmin>1469</xmin>
			<ymin>289</ymin>
			<xmax>1599</xmax>
			<ymax>481</ymax>
		</bndbox>
	</object>
	<object>
		<name>object</name>
		<pose>Unspecified</pose>
		<truncated>0</truncated>
		<difficult>0</difficult>
		<bndbox>
			<xmin>134</xmin>
			<ymin>985</ymin>
			<xmax>258</xmax>
			<ymax>1190</ymax>
		</bndbox>
	</object>
	<object>
		<name>object</name>
		<pose>Unspecified</pose>
		<truncated>0</truncated>
		<difficult>0</difficult>
		<bndbox>
			<xmin>1677</xmin>
			<ymin>322</ymin>
			<xmax>1747</xmax>
			<ymax>499</ymax>
		</bndbox>
	</object>
	<object>
		<name>object</name>
		<pose>Unspecified</pose>
		<truncated>0</truncated>
		<difficult>0</difficult>
		<bndbox>
			<xmin>590</xmin>
			<ymin>1522</ymin>
			<xmax>696</xmax>
			<ymax>1726</ymax>
		</bndbox>
	</object>
	<object>
		<name>object</name>
		<pose>Unspecified</pose>
		<truncated>0</truncated>
		<difficult>0</difficult>
		<bndbox>
			<xmin>484</xmin>
			<ymin>1530</ymin>
			<xmax>586</xmax>
			<ymax>1734</ymax>
		</bndbox>
	</object>
	<object>
		<name>object</name>
		<pose>Unspecified</pose>
		<truncated>0</truncated>
		<difficult>0</difficult>
		<bndbox>
			<xmin>240</xmin>
			<ymin>1555</ymin>
			<xmax>381</xmax>
			<ymax>1751</ymax>
		</bndbox>
	</object>
	<object>
		<name>object</name>
		<pose>Unspecified</pose>
		<truncated>0</truncated>
		<difficult>0</difficult>
		<bndbox>
			<xmin>1860</xmin>
			<ymin>1197</ymin>
			<xmax>1916</xmax>
			<ymax>1388</ymax>
		</bndbox>
	</object>
	<object>
		<name>object</name>
		<pose>Unspecified</pose>
		<truncated>0</truncated>
		<difficult>0</difficult>
		<bndbox>
			<xmin>1815</xmin>
			<ymin>1201</ymin>
			<xmax>1861</xmax>
			<ymax>1390</ymax>
		</bndbox>
	</object>
	<object>
		<name>object</name>
		<pose>Unspecified</pose>
		<truncated>0</truncated>
		<difficult>0</difficult>
		<bndbox>
			<xmin>1766</xmin>
			<ymin>1197</ymin>
			<xmax>1809</xmax>
			<ymax>1395</ymax>
		</bndbox>
	</object>
	<object>
		<name>object</name>
		<pose>Unspecified</pose>
		<truncated>0</truncated>
		<difficult>0</difficult>
		<bndbox>
			<xmin>1718</xmin>
			<ymin>1197</ymin>
			<xmax>1761</xmax>
			<ymax>1395</ymax>
		</bndbox>
	</object>
	<object>
		<name>object</name>
		<pose>Unspecified</pose>
		<truncated>0</truncated>
		<difficult>0</difficult>
		<bndbox>
			<xmin>1661</xmin>
			<ymin>1201</ymin>
			<xmax>1714</xmax>
			<ymax>1402</ymax>
		</bndbox>
	</object>
	<object>
		<name>object</name>
		<pose>Unspecified</pose>
		<truncated>0</truncated>
		<difficult>0</difficult>
		<bndbox>
			<xmin>1604</xmin>
			<ymin>1205</ymin>
			<xmax>1652</xmax>
			<ymax>1403</ymax>
		</bndbox>
	</object>
	<object>
		<name>object</name>
		<pose>Unspecified</pose>
		<truncated>0</truncated>
		<difficult>0</difficult>
		<bndbox>
			<xmin>1555</xmin>
			<ymin>1209</ymin>
			<xmax>1602</xmax>
			<ymax>1405</ymax>
		</bndbox>
	</object>
	<object>
		<name>object</name>
		<pose>Unspecified</pose>
		<truncated>0</truncated>
		<difficult>0</difficult>
		<bndbox>
			<xmin>1498</xmin>
			<ymin>1209</ymin>
			<xmax>1549</xmax>
			<ymax>1406</ymax>
		</bndbox>
	</object>
	<object>
		<name>object</name>
		<pose>Unspecified</pose>
		<truncated>0</truncated>
		<difficult>0</difficult>
		<bndbox>
			<xmin>1449</xmin>
			<ymin>1209</ymin>
			<xmax>1493</xmax>
			<ymax>1415</ymax>
		</bndbox>
	</object>
	<object>
		<name>object</name>
		<pose>Unspecified</pose>
		<truncated>0</truncated>
		<difficult>0</difficult>
		<bndbox>
			<xmin>1396</xmin>
			<ymin>1209</ymin>
			<xmax>1445</xmax>
			<ymax>1416</ymax>
		</bndbox>
	</object>
	<object>
		<name>object</name>
		<pose>Unspecified</pose>
		<truncated>0</truncated>
		<difficult>0</difficult>
		<bndbox>
			<xmin>1347</xmin>
			<ymin>1221</ymin>
			<xmax>1391</xmax>
			<ymax>1420</ymax>
		</bndbox>
	</object>
	<object>
		<name>object</name>
		<pose>Unspecified</pose>
		<truncated>0</truncated>
		<difficult>0</difficult>
		<bndbox>
			<xmin>1290</xmin>
			<ymin>1221</ymin>
			<xmax>1344</xmax>
			<ymax>1421</ymax>
		</bndbox>
	</object>
	<object>
		<name>object</name>
		<pose>Unspecified</pose>
		<truncated>0</truncated>
		<difficult>0</difficult>
		<bndbox>
			<xmin>1229</xmin>
			<ymin>1221</ymin>
			<xmax>1288</xmax>
			<ymax>1429</ymax>
		</bndbox>
	</object>
	<object>
		<name>object</name>
		<pose>Unspecified</pose>
		<truncated>0</truncated>
		<difficult>0</difficult>
		<bndbox>
			<xmin>1156</xmin>
			<ymin>1221</ymin>
			<xmax>1220</xmax>
			<ymax>1437</ymax>
		</bndbox>
	</object>
	<object>
		<name>object</name>
		<pose>Unspecified</pose>
		<truncated>0</truncated>
		<difficult>0</difficult>
		<bndbox>
			<xmin>1107</xmin>
			<ymin>1225</ymin>
			<xmax>1157</xmax>
			<ymax>1441</ymax>
		</bndbox>
	</object>
	<object>
		<name>object</name>
		<pose>Unspecified</pose>
		<truncated>0</truncated>
		<difficult>0</difficult>
		<bndbox>
			<xmin>1054</xmin>
			<ymin>1233</ymin>
			<xmax>1101</xmax>
			<ymax>1450</ymax>
		</bndbox>
	</object>
	<object>
		<name>object</name>
		<pose>Unspecified</pose>
		<truncated>0</truncated>
		<difficult>0</difficult>
		<bndbox>
			<xmin>993</xmin>
			<ymin>1233</ymin>
			<xmax>1042</xmax>
			<ymax>1446</ymax>
		</bndbox>
	</object>
	<object>
		<name>object</name>
		<pose>Unspecified</pose>
		<truncated>0</truncated>
		<difficult>0</difficult>
		<bndbox>
			<xmin>944</xmin>
			<ymin>1233</ymin>
			<xmax>986</xmax>
			<ymax>1449</ymax>
		</bndbox>
	</object>
	<object>
		<name>object</name>
		<pose>Unspecified</pose>
		<truncated>0</truncated>
		<difficult>0</difficult>
		<bndbox>
			<xmin>700</xmin>
			<ymin>1514</ymin>
			<xmax>805</xmax>
			<ymax>1709</ymax>
		</bndbox>
	</object>
	<object>
		<name>object</name>
		<pose>Unspecified</pose>
		<truncated>0</truncated>
		<difficult>0</difficult>
		<bndbox>
			<xmin>818</xmin>
			<ymin>1510</ymin>
			<xmax>918</xmax>
			<ymax>1677</ymax>
		</bndbox>
	</object>
	<object>
		<name>object</name>
		<pose>Unspecified</pose>
		<truncated>0</truncated>
		<difficult>0</difficult>
		<bndbox>
			<xmin>924</xmin>
			<ymin>1506</ymin>
			<xmax>1001</xmax>
			<ymax>1690</ymax>
		</bndbox>
	</object>
	<object>
		<name>object</name>
		<pose>Unspecified</pose>
		<truncated>0</truncated>
		<difficult>0</difficult>
		<bndbox>
			<xmin>1022</xmin>
			<ymin>1502</ymin>
			<xmax>1125</xmax>
			<ymax>1681</ymax>
		</bndbox>
	</object>
	<object>
		<name>object</name>
		<pose>Unspecified</pose>
		<truncated>0</truncated>
		<difficult>0</difficult>
		<bndbox>
			<xmin>1799</xmin>
			<ymin>1811</ymin>
			<xmax>1884</xmax>
			<ymax>1900</ymax>
		</bndbox>
	</object>
	<object>
		<name>object</name>
		<pose>Unspecified</pose>
		<truncated>0</truncated>
		<difficult>0</difficult>
		<bndbox>
			<xmin>1689</xmin>
			<ymin>1701</ymin>
			<xmax>1793</xmax>
			<ymax>1805</ymax>
		</bndbox>
	</object>
	<object>
		<name>object</name>
		<pose>Unspecified</pose>
		<truncated>0</truncated>
		<difficult>0</difficult>
		<bndbox>
			<xmin>1661</xmin>
			<ymin>1819</ymin>
			<xmax>1786</xmax>
			<ymax>1910</ymax>
		</bndbox>
	</object>
	<object>
		<name>object</name>
		<pose>Unspecified</pose>
		<truncated>0</truncated>
		<difficult>0</difficult>
		<bndbox>
			<xmin>1290</xmin>
			<ymin>1734</ymin>
			<xmax>1602</xmax>
			<ymax>1940</ymax>
		</bndbox>
	</object>
	<object>
		<name>object</name>
		<pose>Unspecified</pose>
		<truncated>0</truncated>
		<difficult>0</difficult>
		<bndbox>
			<xmin>1074</xmin>
			<ymin>1815</ymin>
			<xmax>1180</xmax>
			<ymax>1955</ymax>
		</bndbox>
	</object>
	<object>
		<name>object</name>
		<pose>Unspecified</pose>
		<truncated>0</truncated>
		<difficult>0</difficult>
		<bndbox>
			<xmin>961</xmin>
			<ymin>1836</ymin>
			<xmax>1039</xmax>
			<ymax>1967</ymax>
		</bndbox>
	</object>
	<object>
		<name>object</name>
		<pose>Unspecified</pose>
		<truncated>0</truncated>
		<difficult>0</difficult>
		<bndbox>
			<xmin>333</xmin>
			<ymin>1984</ymin>
			<xmax>433</xmax>
			<ymax>2026</ymax>
		</bndbox>
	</object>
	<object>
		<name>object</name>
		<pose>Unspecified</pose>
		<truncated>0</truncated>
		<difficult>0</difficult>
		<bndbox>
			<xmin>448</xmin>
			<ymin>1868</ymin>
			<xmax>569</xmax>
			<ymax>2019</ymax>
		</bndbox>
	</object>
	<object>
		<name>object</name>
		<pose>Unspecified</pose>
		<truncated>0</truncated>
		<difficult>0</difficult>
		<bndbox>
			<xmin>248</xmin>
			<ymin>1921</ymin>
			<xmax>422</xmax>
			<ymax>1983</ymax>
		</bndbox>
	</object>
	<object>
		<name>object</name>
		<pose>Unspecified</pose>
		<truncated>0</truncated>
		<difficult>0</difficult>
		<bndbox>
			<xmin>806</xmin>
			<ymin>1893</ymin>
			<xmax>884</xmax>
			<ymax>1988</ymax>
		</bndbox>
	</object>
	<object>
		<name>object</name>
		<pose>Unspecified</pose>
		<truncated>0</truncated>
		<difficult>0</difficult>
		<bndbox>
			<xmin>1599</xmin>
			<ymin>297</ymin>
			<xmax>1669</xmax>
			<ymax>491</ymax>
		</bndbox>
	</object>
	<object>
		<name>object</name>
		<pose>Unspecified</pose>
		<truncated>0</truncated>
		<difficult>0</difficult>
		<bndbox>
			<xmin>700</xmin>
			<ymin>1901</ymin>
			<xmax>789</xmax>
			<ymax>1991</ymax>
		</bndbox>
	</object>
	<object>
		<name>object</name>
		<pose>Unspecified</pose>
		<truncated>0</truncated>
		<difficult>0</difficult>
		<bndbox>
			<xmin>615</xmin>
			<ymin>1779</ymin>
			<xmax>808</xmax>
			<ymax>1846</ymax>
		</bndbox>
	</object>
	<object>
		<name>object</name>
		<pose>Unspecified</pose>
		<truncated>0</truncated>
		<difficult>0</difficult>
		<bndbox>
			<xmin>73</xmin>
			<ymin>1998</ymin>
			<xmax>167</xmax>
			<ymax>2201</ymax>
		</bndbox>
	</object>
	<object>
		<name>object</name>
		<pose>Unspecified</pose>
		<truncated>0</truncated>
		<difficult>0</difficult>
		<bndbox>
			<xmin>0</xmin>
			<ymin>2011</ymin>
			<xmax>64</xmax>
			<ymax>2212</ymax>
		</bndbox>
	</object>
	<object>
		<name>object</name>
		<pose>Unspecified</pose>
		<truncated>0</truncated>
		<difficult>0</difficult>
		<bndbox>
			<xmin>1819</xmin>
			<ymin>1441</ymin>
			<xmax>1901</xmax>
			<ymax>1629</ymax>
		</bndbox>
	</object>
	<object>
		<name>object</name>
		<pose>Unspecified</pose>
		<truncated>0</truncated>
		<difficult>0</difficult>
		<bndbox>
			<xmin>1713</xmin>
			<ymin>1453</ymin>
			<xmax>1809</xmax>
			<ymax>1637</ymax>
		</bndbox>
	</object>
	<object>
		<name>object</name>
		<pose>Unspecified</pose>
		<truncated>0</truncated>
		<difficult>0</difficult>
		<bndbox>
			<xmin>1612</xmin>
			<ymin>1469</ymin>
			<xmax>1705</xmax>
			<ymax>1648</ymax>
		</bndbox>
	</object>
	<object>
		<name>object</name>
		<pose>Unspecified</pose>
		<truncated>0</truncated>
		<difficult>0</difficult>
		<bndbox>
			<xmin>1526</xmin>
			<ymin>1486</ymin>
			<xmax>1608</xmax>
			<ymax>1646</ymax>
		</bndbox>
	</object>
	<object>
		<name>object</name>
		<pose>Unspecified</pose>
		<truncated>0</truncated>
		<difficult>0</difficult>
		<bndbox>
			<xmin>1445</xmin>
			<ymin>1502</ymin>
			<xmax>1515</xmax>
			<ymax>1642</ymax>
		</bndbox>
	</object>
	<object>
		<name>object</name>
		<pose>Unspecified</pose>
		<truncated>0</truncated>
		<difficult>0</difficult>
		<bndbox>
			<xmin>1327</xmin>
			<ymin>1490</ymin>
			<xmax>1414</xmax>
			<ymax>1657</ymax>
		</bndbox>
	</object>
	<object>
		<name>object</name>
		<pose>Unspecified</pose>
		<truncated>0</truncated>
		<difficult>0</difficult>
		<bndbox>
			<xmin>1241</xmin>
			<ymin>1498</ymin>
			<xmax>1328</xmax>
			<ymax>1673</ymax>
		</bndbox>
	</object>
	<object>
		<name>object</name>
		<pose>Unspecified</pose>
		<truncated>0</truncated>
		<difficult>0</difficult>
		<bndbox>
			<xmin>606</xmin>
			<ymin>1864</ymin>
			<xmax>693</xmax>
			<ymax>2005</ymax>
		</bndbox>
	</object>
	<object>
		<name>object</name>
		<pose>Unspecified</pose>
		<truncated>0</truncated>
		<difficult>0</difficult>
		<bndbox>
			<xmin>826</xmin>
			<ymin>1241</ymin>
			<xmax>879</xmax>
			<ymax>1457</ymax>
		</bndbox>
	</object>
	<object>
		<name>object</name>
		<pose>Unspecified</pose>
		<truncated>0</truncated>
		<difficult>0</difficult>
		<bndbox>
			<xmin>883</xmin>
			<ymin>1237</ymin>
			<xmax>940</xmax>
			<ymax>1452</ymax>
		</bndbox>
	</object>
	<object>
		<name>object</name>
		<pose>Unspecified</pose>
		<truncated>0</truncated>
		<difficult>0</difficult>
		<bndbox>
			<xmin>1339</xmin>
			<ymin>961</ymin>
			<xmax>1398</xmax>
			<ymax>1152</ymax>
		</bndbox>
	</object>
	<object>
		<name>object</name>
		<pose>Unspecified</pose>
		<truncated>0</truncated>
		<difficult>0</difficult>
		<bndbox>
			<xmin>509</xmin>
			<ymin>981</ymin>
			<xmax>565</xmax>
			<ymax>1171</ymax>
		</bndbox>
	</object>
	<object>
		<name>object</name>
		<pose>Unspecified</pose>
		<truncated>0</truncated>
		<difficult>0</difficult>
		<bndbox>
			<xmin>570</xmin>
			<ymin>977</ymin>
			<xmax>634</xmax>
			<ymax>1174</ymax>
		</bndbox>
	</object>
	<object>
		<name>object</name>
		<pose>Unspecified</pose>
		<truncated>0</truncated>
		<difficult>0</difficult>
		<bndbox>
			<xmin>635</xmin>
			<ymin>973</ymin>
			<xmax>691</xmax>
			<ymax>1172</ymax>
		</bndbox>
	</object>
	<object>
		<name>object</name>
		<pose>Unspecified</pose>
		<truncated>0</truncated>
		<difficult>0</difficult>
		<bndbox>
			<xmin>692</xmin>
			<ymin>973</ymin>
			<xmax>748</xmax>
			<ymax>1169</ymax>
		</bndbox>
	</object>
	<object>
		<name>object</name>
		<pose>Unspecified</pose>
		<truncated>0</truncated>
		<difficult>0</difficult>
		<bndbox>
			<xmin>745</xmin>
			<ymin>971</ymin>
			<xmax>815</xmax>
			<ymax>1168</ymax>
		</bndbox>
	</object>
	<object>
		<name>object</name>
		<pose>Unspecified</pose>
		<truncated>0</truncated>
		<difficult>0</difficult>
		<bndbox>
			<xmin>818</xmin>
			<ymin>973</ymin>
			<xmax>871</xmax>
			<ymax>1175</ymax>
		</bndbox>
	</object>
	<object>
		<name>object</name>
		<pose>Unspecified</pose>
		<truncated>0</truncated>
		<difficult>0</difficult>
		<bndbox>
			<xmin>871</xmin>
			<ymin>971</ymin>
			<xmax>936</xmax>
			<ymax>1172</ymax>
		</bndbox>
	</object>
	<object>
		<name>object</name>
		<pose>Unspecified</pose>
		<truncated>0</truncated>
		<difficult>0</difficult>
		<bndbox>
			<xmin>936</xmin>
			<ymin>973</ymin>
			<xmax>991</xmax>
			<ymax>1167</ymax>
		</bndbox>
	</object>
	<object>
		<name>object</name>
		<pose>Unspecified</pose>
		<truncated>0</truncated>
		<difficult>0</difficult>
		<bndbox>
			<xmin>993</xmin>
			<ymin>966</ymin>
			<xmax>1058</xmax>
			<ymax>1160</ymax>
		</bndbox>
	</object>
	<object>
		<name>object</name>
		<pose>Unspecified</pose>
		<truncated>0</truncated>
		<difficult>0</difficult>
		<bndbox>
			<xmin>1058</xmin>
			<ymin>965</ymin>
			<xmax>1106</xmax>
			<ymax>1157</ymax>
		</bndbox>
	</object>
	<object>
		<name>object</name>
		<pose>Unspecified</pose>
		<truncated>0</truncated>
		<difficult>0</difficult>
		<bndbox>
			<xmin>1107</xmin>
			<ymin>965</ymin>
			<xmax>1167</xmax>
			<ymax>1156</ymax>
		</bndbox>
	</object>
	<object>
		<name>object</name>
		<pose>Unspecified</pose>
		<truncated>0</truncated>
		<difficult>0</difficult>
		<bndbox>
			<xmin>1168</xmin>
			<ymin>965</ymin>
			<xmax>1222</xmax>
			<ymax>1153</ymax>
		</bndbox>
	</object>
	<object>
		<name>object</name>
		<pose>Unspecified</pose>
		<truncated>0</truncated>
		<difficult>0</difficult>
		<bndbox>
			<xmin>1225</xmin>
			<ymin>962</ymin>
			<xmax>1286</xmax>
			<ymax>1152</ymax>
		</bndbox>
	</object>
	<object>
		<name>object</name>
		<pose>Unspecified</pose>
		<truncated>0</truncated>
		<difficult>0</difficult>
		<bndbox>
			<xmin>1286</xmin>
			<ymin>961</ymin>
			<xmax>1338</xmax>
			<ymax>1150</ymax>
		</bndbox>
	</object>
	<object>
		<name>object</name>
		<pose>Unspecified</pose>
		<truncated>0</truncated>
		<difficult>0</difficult>
		<bndbox>
			<xmin>1400</xmin>
			<ymin>961</ymin>
			<xmax>1445</xmax>
			<ymax>1143</ymax>
		</bndbox>
	</object>
	<object>
		<name>object</name>
		<pose>Unspecified</pose>
		<truncated>0</truncated>
		<difficult>0</difficult>
		<bndbox>
			<xmin>1445</xmin>
			<ymin>957</ymin>
			<xmax>1501</xmax>
			<ymax>1144</ymax>
		</bndbox>
	</object>
	<object>
		<name>object</name>
		<pose>Unspecified</pose>
		<truncated>0</truncated>
		<difficult>0</difficult>
		<bndbox>
			<xmin>1502</xmin>
			<ymin>952</ymin>
			<xmax>1557</xmax>
			<ymax>1133</ymax>
		</bndbox>
	</object>
	<object>
		<name>object</name>
		<pose>Unspecified</pose>
		<truncated>0</truncated>
		<difficult>0</difficult>
		<bndbox>
			<xmin>769</xmin>
			<ymin>1245</ymin>
			<xmax>825</xmax>
			<ymax>1463</ymax>
		</bndbox>
	</object>
	<object>
		<name>object</name>
		<pose>Unspecified</pose>
		<truncated>0</truncated>
		<difficult>0</difficult>
		<bndbox>
			<xmin>724</xmin>
			<ymin>1245</ymin>
			<xmax>764</xmax>
			<ymax>1464</ymax>
		</bndbox>
	</object>
	<object>
		<name>object</name>
		<pose>Unspecified</pose>
		<truncated>0</truncated>
		<difficult>0</difficult>
		<bndbox>
			<xmin>655</xmin>
			<ymin>1245</ymin>
			<xmax>720</xmax>
			<ymax>1467</ymax>
		</bndbox>
	</object>
	<object>
		<name>object</name>
		<pose>Unspecified</pose>
		<truncated>0</truncated>
		<difficult>0</difficult>
		<bndbox>
			<xmin>598</xmin>
			<ymin>1249</ymin>
			<xmax>650</xmax>
			<ymax>1481</ymax>
		</bndbox>
	</object>
	<object>
		<name>object</name>
		<pose>Unspecified</pose>
		<truncated>0</truncated>
		<difficult>0</difficult>
		<bndbox>
			<xmin>517</xmin>
			<ymin>1245</ymin>
			<xmax>575</xmax>
			<ymax>1477</ymax>
		</bndbox>
	</object>
	<object>
		<name>object</name>
		<pose>Unspecified</pose>
		<truncated>0</truncated>
		<difficult>0</difficult>
		<bndbox>
			<xmin>391</xmin>
			<ymin>1258</ymin>
			<xmax>454</xmax>
			<ymax>1479</ymax>
		</bndbox>
	</object>
	<object>
		<name>object</name>
		<pose>Unspecified</pose>
		<truncated>0</truncated>
		<difficult>0</difficult>
		<bndbox>
			<xmin>442</xmin>
			<ymin>983</ymin>
			<xmax>509</xmax>
			<ymax>1177</ymax>
		</bndbox>
	</object>
	<object>
		<name>object</name>
		<pose>Unspecified</pose>
		<truncated>0</truncated>
		<difficult>0</difficult>
		<bndbox>
			<xmin>326</xmin>
			<ymin>1258</ymin>
			<xmax>387</xmax>
			<ymax>1490</ymax>
		</bndbox>
	</object>
	<object>
		<name>object</name>
		<pose>Unspecified</pose>
		<truncated>0</truncated>
		<difficult>0</difficult>
		<bndbox>
			<xmin>212</xmin>
			<ymin>1233</ymin>
			<xmax>264</xmax>
			<ymax>1468</ymax>
		</bndbox>
	</object>
	<object>
		<name>object</name>
		<pose>Unspecified</pose>
		<truncated>0</truncated>
		<difficult>0</difficult>
		<bndbox>
			<xmin>130</xmin>
			<ymin>1274</ymin>
			<xmax>206</xmax>
			<ymax>1504</ymax>
		</bndbox>
	</object>
	<object>
		<name>object</name>
		<pose>Unspecified</pose>
		<truncated>0</truncated>
		<difficult>0</difficult>
		<bndbox>
			<xmin>1860</xmin>
			<ymin>936</ymin>
			<xmax>1912</xmax>
			<ymax>1131</ymax>
		</bndbox>
	</object>
	<object>
		<name>object</name>
		<pose>Unspecified</pose>
		<truncated>0</truncated>
		<difficult>0</difficult>
		<bndbox>
			<xmin>1799</xmin>
			<ymin>928</ymin>
			<xmax>1859</xmax>
			<ymax>1124</ymax>
		</bndbox>
	</object>
	<object>
		<name>object</name>
		<pose>Unspecified</pose>
		<truncated>0</truncated>
		<difficult>0</difficult>
		<bndbox>
			<xmin>1718</xmin>
			<ymin>952</ymin>
			<xmax>1800</xmax>
			<ymax>1131</ymax>
		</bndbox>
	</object>
	<object>
		<name>object</name>
		<pose>Unspecified</pose>
		<truncated>0</truncated>
		<difficult>0</difficult>
		<bndbox>
			<xmin>1555</xmin>
			<ymin>956</ymin>
			<xmax>1614</xmax>
			<ymax>1136</ymax>
		</bndbox>
	</object>
	<object>
		<name>object</name>
		<pose>Unspecified</pose>
		<truncated>0</truncated>
		<difficult>0</difficult>
		<bndbox>
			<xmin>269</xmin>
			<ymin>1262</ymin>
			<xmax>322</xmax>
			<ymax>1497</ymax>
		</bndbox>
	</object>
	<object>
		<name>object</name>
		<pose>Unspecified</pose>
		<truncated>0</truncated>
		<difficult>0</difficult>
		<bndbox>
			<xmin>383</xmin>
			<ymin>985</ymin>
			<xmax>443</xmax>
			<ymax>1179</ymax>
		</bndbox>
	</object>
	<object>
		<name>object</name>
		<pose>Unspecified</pose>
		<truncated>0</truncated>
		<difficult>0</difficult>
		<bndbox>
			<xmin>1617</xmin>
			<ymin>956</ymin>
			<xmax>1708</xmax>
			<ymax>1130</ymax>
		</bndbox>
	</object>
	<object>
		<name>object</name>
		<pose>Unspecified</pose>
		<truncated>0</truncated>
		<difficult>0</difficult>
		<bndbox>
			<xmin>1880</xmin>
			<ymin>330</ymin>
			<xmax>1919</xmax>
			<ymax>512</ymax>
		</bndbox>
	</object>
	<object>
		<name>object</name>
		<pose>Unspecified</pose>
		<truncated>0</truncated>
		<difficult>0</difficult>
		<bndbox>
			<xmin>256</xmin>
			<ymin>985</ymin>
			<xmax>369</xmax>
			<ymax>1188</ymax>
		</bndbox>
	</object>
	<object>
		<name>object</name>
		<pose>Unspecified</pose>
		<truncated>0</truncated>
		<difficult>0</difficult>
		<bndbox>
			<xmin>1791</xmin>
			<ymin>305</ymin>
			<xmax>1878</xmax>
			<ymax>500</ymax>
		</bndbox>
	</object>
</annotation>
