<?xml version="1.0" ?>
<annotation>
	<folder>SKU_110K</folder>
	<filename>train_6687.jpg</filename>
	<path>/mnt/hdd10tb/Users/anhvn/SKU110K_fixed/images/train_6687.jpg</path>
	<source>
		<database>Unknown</database>
	</source>
	<size>
		<width>2448</width>
		<height>3264</height>
		<depth>3</depth>
	</size>
	<segmented>0</segmented>
	<object>
		<name>object</name>
		<pose>Unspecified</pose>
		<truncated>0</truncated>
		<difficult>0</difficult>
		<bndbox>
			<xmin>900</xmin>
			<ymin>2168</ymin>
			<xmax>1059</xmax>
			<ymax>2438</ymax>
		</bndbox>
	</object>
	<object>
		<name>object</name>
		<pose>Unspecified</pose>
		<truncated>0</truncated>
		<difficult>0</difficult>
		<bndbox>
			<xmin>1828</xmin>
			<ymin>634</ymin>
			<xmax>1944</xmax>
			<ymax>956</ymax>
		</bndbox>
	</object>
	<object>
		<name>object</name>
		<pose>Unspecified</pose>
		<truncated>0</truncated>
		<difficult>0</difficult>
		<bndbox>
			<xmin>794</xmin>
			<ymin>1409</ymin>
			<xmax>896</xmax>
			<ymax>1676</ymax>
		</bndbox>
	</object>
	<object>
		<name>object</name>
		<pose>Unspecified</pose>
		<truncated>0</truncated>
		<difficult>0</difficult>
		<bndbox>
			<xmin>661</xmin>
			<ymin>1432</ymin>
			<xmax>775</xmax>
			<ymax>1677</ymax>
		</bndbox>
	</object>
	<object>
		<name>object</name>
		<pose>Unspecified</pose>
		<truncated>0</truncated>
		<difficult>0</difficult>
		<bndbox>
			<xmin>540</xmin>
			<ymin>1428</ymin>
			<xmax>653</xmax>
			<ymax>1665</ymax>
		</bndbox>
	</object>
	<object>
		<name>object</name>
		<pose>Unspecified</pose>
		<truncated>0</truncated>
		<difficult>0</difficult>
		<bndbox>
			<xmin>290</xmin>
			<ymin>1597</ymin>
			<xmax>391</xmax>
			<ymax>1831</ymax>
		</bndbox>
	</object>
	<object>
		<name>object</name>
		<pose>Unspecified</pose>
		<truncated>0</truncated>
		<difficult>0</difficult>
		<bndbox>
			<xmin>427</xmin>
			<ymin>1432</ymin>
			<xmax>537</xmax>
			<ymax>1669</ymax>
		</bndbox>
	</object>
	<object>
		<name>object</name>
		<pose>Unspecified</pose>
		<truncated>0</truncated>
		<difficult>0</difficult>
		<bndbox>
			<xmin>305</xmin>
			<ymin>1319</ymin>
			<xmax>378</xmax>
			<ymax>1513</ymax>
		</bndbox>
	</object>
	<object>
		<name>object</name>
		<pose>Unspecified</pose>
		<truncated>0</truncated>
		<difficult>0</difficult>
		<bndbox>
			<xmin>900</xmin>
			<ymin>1421</ymin>
			<xmax>1005</xmax>
			<ymax>1695</ymax>
		</bndbox>
	</object>
	<object>
		<name>object</name>
		<pose>Unspecified</pose>
		<truncated>0</truncated>
		<difficult>0</difficult>
		<bndbox>
			<xmin>157</xmin>
			<ymin>1374</ymin>
			<xmax>248</xmax>
			<ymax>1706</ymax>
		</bndbox>
	</object>
	<object>
		<name>object</name>
		<pose>Unspecified</pose>
		<truncated>0</truncated>
		<difficult>0</difficult>
		<bndbox>
			<xmin>2184</xmin>
			<ymin>1010</ymin>
			<xmax>2314</xmax>
			<ymax>1319</ymax>
		</bndbox>
	</object>
	<object>
		<name>object</name>
		<pose>Unspecified</pose>
		<truncated>0</truncated>
		<difficult>0</difficult>
		<bndbox>
			<xmin>2035</xmin>
			<ymin>1021</ymin>
			<xmax>2171</xmax>
			<ymax>1317</ymax>
		</bndbox>
	</object>
	<object>
		<name>object</name>
		<pose>Unspecified</pose>
		<truncated>0</truncated>
		<difficult>0</difficult>
		<bndbox>
			<xmin>1702</xmin>
			<ymin>1051</ymin>
			<xmax>1851</xmax>
			<ymax>1327</ymax>
		</bndbox>
	</object>
	<object>
		<name>object</name>
		<pose>Unspecified</pose>
		<truncated>0</truncated>
		<difficult>0</difficult>
		<bndbox>
			<xmin>1558</xmin>
			<ymin>1053</ymin>
			<xmax>1691</xmax>
			<ymax>1328</ymax>
		</bndbox>
	</object>
	<object>
		<name>object</name>
		<pose>Unspecified</pose>
		<truncated>0</truncated>
		<difficult>0</difficult>
		<bndbox>
			<xmin>1401</xmin>
			<ymin>1029</ymin>
			<xmax>1540</xmax>
			<ymax>1319</ymax>
		</bndbox>
	</object>
	<object>
		<name>object</name>
		<pose>Unspecified</pose>
		<truncated>0</truncated>
		<difficult>0</difficult>
		<bndbox>
			<xmin>1252</xmin>
			<ymin>1068</ymin>
			<xmax>1382</xmax>
			<ymax>1321</ymax>
		</bndbox>
	</object>
	<object>
		<name>object</name>
		<pose>Unspecified</pose>
		<truncated>0</truncated>
		<difficult>0</difficult>
		<bndbox>
			<xmin>78</xmin>
			<ymin>1358</ymin>
			<xmax>150</xmax>
			<ymax>1662</ymax>
		</bndbox>
	</object>
	<object>
		<name>object</name>
		<pose>Unspecified</pose>
		<truncated>0</truncated>
		<difficult>0</difficult>
		<bndbox>
			<xmin>1115</xmin>
			<ymin>1041</ymin>
			<xmax>1246</xmax>
			<ymax>1337</ymax>
		</bndbox>
	</object>
	<object>
		<name>object</name>
		<pose>Unspecified</pose>
		<truncated>0</truncated>
		<difficult>0</difficult>
		<bndbox>
			<xmin>1014</xmin>
			<ymin>1413</ymin>
			<xmax>1101</xmax>
			<ymax>1679</ymax>
		</bndbox>
	</object>
	<object>
		<name>object</name>
		<pose>Unspecified</pose>
		<truncated>0</truncated>
		<difficult>0</difficult>
		<bndbox>
			<xmin>1225</xmin>
			<ymin>1425</ymin>
			<xmax>1335</xmax>
			<ymax>1686</ymax>
		</bndbox>
	</object>
	<object>
		<name>object</name>
		<pose>Unspecified</pose>
		<truncated>0</truncated>
		<difficult>0</difficult>
		<bndbox>
			<xmin>834</xmin>
			<ymin>1761</ymin>
			<xmax>1038</xmax>
			<ymax>2114</ymax>
		</bndbox>
	</object>
	<object>
		<name>object</name>
		<pose>Unspecified</pose>
		<truncated>0</truncated>
		<difficult>0</difficult>
		<bndbox>
			<xmin>650</xmin>
			<ymin>1757</ymin>
			<xmax>813</xmax>
			<ymax>2113</ymax>
		</bndbox>
	</object>
	<object>
		<name>object</name>
		<pose>Unspecified</pose>
		<truncated>0</truncated>
		<difficult>0</difficult>
		<bndbox>
			<xmin>493</xmin>
			<ymin>1753</ymin>
			<xmax>642</xmax>
			<ymax>2097</ymax>
		</bndbox>
	</object>
	<object>
		<name>object</name>
		<pose>Unspecified</pose>
		<truncated>0</truncated>
		<difficult>0</difficult>
		<bndbox>
			<xmin>352</xmin>
			<ymin>1859</ymin>
			<xmax>479</xmax>
			<ymax>2110</ymax>
		</bndbox>
	</object>
	<object>
		<name>object</name>
		<pose>Unspecified</pose>
		<truncated>0</truncated>
		<difficult>0</difficult>
		<bndbox>
			<xmin>215</xmin>
			<ymin>1838</ymin>
			<xmax>324</xmax>
			<ymax>2113</ymax>
		</bndbox>
	</object>
	<object>
		<name>object</name>
		<pose>Unspecified</pose>
		<truncated>0</truncated>
		<difficult>0</difficult>
		<bndbox>
			<xmin>110</xmin>
			<ymin>1823</ymin>
			<xmax>203</xmax>
			<ymax>2129</ymax>
		</bndbox>
	</object>
	<object>
		<name>object</name>
		<pose>Unspecified</pose>
		<truncated>0</truncated>
		<difficult>0</difficult>
		<bndbox>
			<xmin>1108</xmin>
			<ymin>1425</ymin>
			<xmax>1215</xmax>
			<ymax>1697</ymax>
		</bndbox>
	</object>
	<object>
		<name>object</name>
		<pose>Unspecified</pose>
		<truncated>0</truncated>
		<difficult>0</difficult>
		<bndbox>
			<xmin>0</xmin>
			<ymin>1965</ymin>
			<xmax>93</xmax>
			<ymax>2113</ymax>
		</bndbox>
	</object>
	<object>
		<name>object</name>
		<pose>Unspecified</pose>
		<truncated>0</truncated>
		<difficult>0</difficult>
		<bndbox>
			<xmin>2329</xmin>
			<ymin>1178</ymin>
			<xmax>2440</xmax>
			<ymax>1512</ymax>
		</bndbox>
	</object>
	<object>
		<name>object</name>
		<pose>Unspecified</pose>
		<truncated>0</truncated>
		<difficult>0</difficult>
		<bndbox>
			<xmin>2141</xmin>
			<ymin>1417</ymin>
			<xmax>2283</xmax>
			<ymax>1655</ymax>
		</bndbox>
	</object>
	<object>
		<name>object</name>
		<pose>Unspecified</pose>
		<truncated>0</truncated>
		<difficult>0</difficult>
		<bndbox>
			<xmin>1722</xmin>
			<ymin>1440</ymin>
			<xmax>1842</xmax>
			<ymax>1677</ymax>
		</bndbox>
	</object>
	<object>
		<name>object</name>
		<pose>Unspecified</pose>
		<truncated>0</truncated>
		<difficult>0</difficult>
		<bndbox>
			<xmin>1597</xmin>
			<ymin>1448</ymin>
			<xmax>1719</xmax>
			<ymax>1696</ymax>
		</bndbox>
	</object>
	<object>
		<name>object</name>
		<pose>Unspecified</pose>
		<truncated>0</truncated>
		<difficult>0</difficult>
		<bndbox>
			<xmin>1468</xmin>
			<ymin>1448</ymin>
			<xmax>1589</xmax>
			<ymax>1689</ymax>
		</bndbox>
	</object>
	<object>
		<name>object</name>
		<pose>Unspecified</pose>
		<truncated>0</truncated>
		<difficult>0</difficult>
		<bndbox>
			<xmin>1338</xmin>
			<ymin>1452</ymin>
			<xmax>1460</xmax>
			<ymax>1684</ymax>
		</bndbox>
	</object>
	<object>
		<name>object</name>
		<pose>Unspecified</pose>
		<truncated>0</truncated>
		<difficult>0</difficult>
		<bndbox>
			<xmin>2293</xmin>
			<ymin>1573</ymin>
			<xmax>2425</xmax>
			<ymax>1928</ymax>
		</bndbox>
	</object>
	<object>
		<name>object</name>
		<pose>Unspecified</pose>
		<truncated>0</truncated>
		<difficult>0</difficult>
		<bndbox>
			<xmin>892</xmin>
			<ymin>1061</ymin>
			<xmax>999</xmax>
			<ymax>1326</ymax>
		</bndbox>
	</object>
	<object>
		<name>object</name>
		<pose>Unspecified</pose>
		<truncated>0</truncated>
		<difficult>0</difficult>
		<bndbox>
			<xmin>748</xmin>
			<ymin>1053</ymin>
			<xmax>876</xmax>
			<ymax>1326</ymax>
		</bndbox>
	</object>
	<object>
		<name>object</name>
		<pose>Unspecified</pose>
		<truncated>0</truncated>
		<difficult>0</difficult>
		<bndbox>
			<xmin>634</xmin>
			<ymin>1061</ymin>
			<xmax>739</xmax>
			<ymax>1333</ymax>
		</bndbox>
	</object>
	<object>
		<name>object</name>
		<pose>Unspecified</pose>
		<truncated>0</truncated>
		<difficult>0</difficult>
		<bndbox>
			<xmin>2031</xmin>
			<ymin>309</ymin>
			<xmax>2146</xmax>
			<ymax>548</ymax>
		</bndbox>
	</object>
	<object>
		<name>object</name>
		<pose>Unspecified</pose>
		<truncated>0</truncated>
		<difficult>0</difficult>
		<bndbox>
			<xmin>1875</xmin>
			<ymin>434</ymin>
			<xmax>2022</xmax>
			<ymax>546</ymax>
		</bndbox>
	</object>
	<object>
		<name>object</name>
		<pose>Unspecified</pose>
		<truncated>0</truncated>
		<difficult>0</difficult>
		<bndbox>
			<xmin>1769</xmin>
			<ymin>176</ymin>
			<xmax>1863</xmax>
			<ymax>552</ymax>
		</bndbox>
	</object>
	<object>
		<name>object</name>
		<pose>Unspecified</pose>
		<truncated>0</truncated>
		<difficult>0</difficult>
		<bndbox>
			<xmin>1663</xmin>
			<ymin>174</ymin>
			<xmax>1759</xmax>
			<ymax>552</ymax>
		</bndbox>
	</object>
	<object>
		<name>object</name>
		<pose>Unspecified</pose>
		<truncated>0</truncated>
		<difficult>0</difficult>
		<bndbox>
			<xmin>1550</xmin>
			<ymin>344</ymin>
			<xmax>1651</xmax>
			<ymax>553</ymax>
		</bndbox>
	</object>
	<object>
		<name>object</name>
		<pose>Unspecified</pose>
		<truncated>0</truncated>
		<difficult>0</difficult>
		<bndbox>
			<xmin>1444</xmin>
			<ymin>344</ymin>
			<xmax>1542</xmax>
			<ymax>546</ymax>
		</bndbox>
	</object>
	<object>
		<name>object</name>
		<pose>Unspecified</pose>
		<truncated>0</truncated>
		<difficult>0</difficult>
		<bndbox>
			<xmin>2160</xmin>
			<ymin>218</ymin>
			<xmax>2255</xmax>
			<ymax>544</ymax>
		</bndbox>
	</object>
	<object>
		<name>object</name>
		<pose>Unspecified</pose>
		<truncated>0</truncated>
		<difficult>0</difficult>
		<bndbox>
			<xmin>1299</xmin>
			<ymin>207</ymin>
			<xmax>1430</xmax>
			<ymax>549</ymax>
		</bndbox>
	</object>
	<object>
		<name>object</name>
		<pose>Unspecified</pose>
		<truncated>0</truncated>
		<difficult>0</difficult>
		<bndbox>
			<xmin>1049</xmin>
			<ymin>204</ymin>
			<xmax>1174</xmax>
			<ymax>549</ymax>
		</bndbox>
	</object>
	<object>
		<name>object</name>
		<pose>Unspecified</pose>
		<truncated>0</truncated>
		<difficult>0</difficult>
		<bndbox>
			<xmin>884</xmin>
			<ymin>153</ymin>
			<xmax>1043</xmax>
			<ymax>554</ymax>
		</bndbox>
	</object>
	<object>
		<name>object</name>
		<pose>Unspecified</pose>
		<truncated>0</truncated>
		<difficult>0</difficult>
		<bndbox>
			<xmin>697</xmin>
			<ymin>137</ymin>
			<xmax>877</xmax>
			<ymax>557</ymax>
		</bndbox>
	</object>
	<object>
		<name>object</name>
		<pose>Unspecified</pose>
		<truncated>0</truncated>
		<difficult>0</difficult>
		<bndbox>
			<xmin>540</xmin>
			<ymin>153</ymin>
			<xmax>691</xmax>
			<ymax>556</ymax>
		</bndbox>
	</object>
	<object>
		<name>object</name>
		<pose>Unspecified</pose>
		<truncated>0</truncated>
		<difficult>0</difficult>
		<bndbox>
			<xmin>125</xmin>
			<ymin>552</ymin>
			<xmax>305</xmax>
			<ymax>659</ymax>
		</bndbox>
	</object>
	<object>
		<name>object</name>
		<pose>Unspecified</pose>
		<truncated>0</truncated>
		<difficult>0</difficult>
		<bndbox>
			<xmin>364</xmin>
			<ymin>176</ymin>
			<xmax>537</xmax>
			<ymax>558</ymax>
		</bndbox>
	</object>
	<object>
		<name>object</name>
		<pose>Unspecified</pose>
		<truncated>0</truncated>
		<difficult>0</difficult>
		<bndbox>
			<xmin>1178</xmin>
			<ymin>200</ymin>
			<xmax>1292</xmax>
			<ymax>556</ymax>
		</bndbox>
	</object>
	<object>
		<name>object</name>
		<pose>Unspecified</pose>
		<truncated>0</truncated>
		<difficult>0</difficult>
		<bndbox>
			<xmin>2262</xmin>
			<ymin>207</ymin>
			<xmax>2357</xmax>
			<ymax>540</ymax>
		</bndbox>
	</object>
	<object>
		<name>object</name>
		<pose>Unspecified</pose>
		<truncated>0</truncated>
		<difficult>0</difficult>
		<bndbox>
			<xmin>2364</xmin>
			<ymin>274</ymin>
			<xmax>2439</xmax>
			<ymax>589</ymax>
		</bndbox>
	</object>
	<object>
		<name>object</name>
		<pose>Unspecified</pose>
		<truncated>0</truncated>
		<difficult>0</difficult>
		<bndbox>
			<xmin>333</xmin>
			<ymin>626</ymin>
			<xmax>453</xmax>
			<ymax>964</ymax>
		</bndbox>
	</object>
	<object>
		<name>object</name>
		<pose>Unspecified</pose>
		<truncated>0</truncated>
		<difficult>0</difficult>
		<bndbox>
			<xmin>509</xmin>
			<ymin>1057</ymin>
			<xmax>622</xmax>
			<ymax>1333</ymax>
		</bndbox>
	</object>
	<object>
		<name>object</name>
		<pose>Unspecified</pose>
		<truncated>0</truncated>
		<difficult>0</difficult>
		<bndbox>
			<xmin>391</xmin>
			<ymin>1053</ymin>
			<xmax>491</xmax>
			<ymax>1329</ymax>
		</bndbox>
	</object>
	<object>
		<name>object</name>
		<pose>Unspecified</pose>
		<truncated>0</truncated>
		<difficult>0</difficult>
		<bndbox>
			<xmin>141</xmin>
			<ymin>759</ymin>
			<xmax>313</xmax>
			<ymax>1156</ymax>
		</bndbox>
	</object>
	<object>
		<name>object</name>
		<pose>Unspecified</pose>
		<truncated>0</truncated>
		<difficult>0</difficult>
		<bndbox>
			<xmin>2340</xmin>
			<ymin>673</ymin>
			<xmax>2447</xmax>
			<ymax>1056</ymax>
		</bndbox>
	</object>
	<object>
		<name>object</name>
		<pose>Unspecified</pose>
		<truncated>0</truncated>
		<difficult>0</difficult>
		<bndbox>
			<xmin>2196</xmin>
			<ymin>628</ymin>
			<xmax>2334</xmax>
			<ymax>939</ymax>
		</bndbox>
	</object>
	<object>
		<name>object</name>
		<pose>Unspecified</pose>
		<truncated>0</truncated>
		<difficult>0</difficult>
		<bndbox>
			<xmin>2048</xmin>
			<ymin>616</ymin>
			<xmax>2179</xmax>
			<ymax>939</ymax>
		</bndbox>
	</object>
	<object>
		<name>object</name>
		<pose>Unspecified</pose>
		<truncated>0</truncated>
		<difficult>0</difficult>
		<bndbox>
			<xmin>1949</xmin>
			<ymin>630</ymin>
			<xmax>2043</xmax>
			<ymax>936</ymax>
		</bndbox>
	</object>
	<object>
		<name>object</name>
		<pose>Unspecified</pose>
		<truncated>0</truncated>
		<difficult>0</difficult>
		<bndbox>
			<xmin>1710</xmin>
			<ymin>637</ymin>
			<xmax>1825</xmax>
			<ymax>951</ymax>
		</bndbox>
	</object>
	<object>
		<name>object</name>
		<pose>Unspecified</pose>
		<truncated>0</truncated>
		<difficult>0</difficult>
		<bndbox>
			<xmin>1585</xmin>
			<ymin>637</ymin>
			<xmax>1707</xmax>
			<ymax>963</ymax>
		</bndbox>
	</object>
	<object>
		<name>object</name>
		<pose>Unspecified</pose>
		<truncated>0</truncated>
		<difficult>0</difficult>
		<bndbox>
			<xmin>1448</xmin>
			<ymin>626</ymin>
			<xmax>1572</xmax>
			<ymax>959</ymax>
		</bndbox>
	</object>
	<object>
		<name>object</name>
		<pose>Unspecified</pose>
		<truncated>0</truncated>
		<difficult>0</difficult>
		<bndbox>
			<xmin>1166</xmin>
			<ymin>622</ymin>
			<xmax>1292</xmax>
			<ymax>952</ymax>
		</bndbox>
	</object>
	<object>
		<name>object</name>
		<pose>Unspecified</pose>
		<truncated>0</truncated>
		<difficult>0</difficult>
		<bndbox>
			<xmin>1037</xmin>
			<ymin>630</ymin>
			<xmax>1161</xmax>
			<ymax>955</ymax>
		</bndbox>
	</object>
	<object>
		<name>object</name>
		<pose>Unspecified</pose>
		<truncated>0</truncated>
		<difficult>0</difficult>
		<bndbox>
			<xmin>755</xmin>
			<ymin>622</ymin>
			<xmax>901</xmax>
			<ymax>961</ymax>
		</bndbox>
	</object>
	<object>
		<name>object</name>
		<pose>Unspecified</pose>
		<truncated>0</truncated>
		<difficult>0</difficult>
		<bndbox>
			<xmin>619</xmin>
			<ymin>644</ymin>
			<xmax>746</xmax>
			<ymax>952</ymax>
		</bndbox>
	</object>
	<object>
		<name>object</name>
		<pose>Unspecified</pose>
		<truncated>0</truncated>
		<difficult>0</difficult>
		<bndbox>
			<xmin>459</xmin>
			<ymin>628</ymin>
			<xmax>598</xmax>
			<ymax>961</ymax>
		</bndbox>
	</object>
	<object>
		<name>object</name>
		<pose>Unspecified</pose>
		<truncated>0</truncated>
		<difficult>0</difficult>
		<bndbox>
			<xmin>1041</xmin>
			<ymin>1749</ymin>
			<xmax>1243</xmax>
			<ymax>2119</ymax>
		</bndbox>
	</object>
	<object>
		<name>object</name>
		<pose>Unspecified</pose>
		<truncated>0</truncated>
		<difficult>0</difficult>
		<bndbox>
			<xmin>1248</xmin>
			<ymin>1749</ymin>
			<xmax>1443</xmax>
			<ymax>2106</ymax>
		</bndbox>
	</object>
	<object>
		<name>object</name>
		<pose>Unspecified</pose>
		<truncated>0</truncated>
		<difficult>0</difficult>
		<bndbox>
			<xmin>1855</xmin>
			<ymin>1440</ymin>
			<xmax>1996</xmax>
			<ymax>1679</ymax>
		</bndbox>
	</object>
	<object>
		<name>object</name>
		<pose>Unspecified</pose>
		<truncated>0</truncated>
		<difficult>0</difficult>
		<bndbox>
			<xmin>1648</xmin>
			<ymin>1738</ymin>
			<xmax>1818</xmax>
			<ymax>2109</ymax>
		</bndbox>
	</object>
	<object>
		<name>object</name>
		<pose>Unspecified</pose>
		<truncated>0</truncated>
		<difficult>0</difficult>
		<bndbox>
			<xmin>509</xmin>
			<ymin>2184</ymin>
			<xmax>703</xmax>
			<ymax>2518</ymax>
		</bndbox>
	</object>
	<object>
		<name>object</name>
		<pose>Unspecified</pose>
		<truncated>0</truncated>
		<difficult>0</difficult>
		<bndbox>
			<xmin>716</xmin>
			<ymin>2176</ymin>
			<xmax>889</xmax>
			<ymax>2527</ymax>
		</bndbox>
	</object>
	<object>
		<name>object</name>
		<pose>Unspecified</pose>
		<truncated>0</truncated>
		<difficult>0</difficult>
		<bndbox>
			<xmin>1088</xmin>
			<ymin>2196</ymin>
			<xmax>1262</xmax>
			<ymax>2518</ymax>
		</bndbox>
	</object>
	<object>
		<name>object</name>
		<pose>Unspecified</pose>
		<truncated>0</truncated>
		<difficult>0</difficult>
		<bndbox>
			<xmin>1268</xmin>
			<ymin>2192</ymin>
			<xmax>1456</xmax>
			<ymax>2531</ymax>
		</bndbox>
	</object>
	<object>
		<name>object</name>
		<pose>Unspecified</pose>
		<truncated>0</truncated>
		<difficult>0</difficult>
		<bndbox>
			<xmin>1468</xmin>
			<ymin>2172</ymin>
			<xmax>1638</xmax>
			<ymax>2517</ymax>
		</bndbox>
	</object>
	<object>
		<name>object</name>
		<pose>Unspecified</pose>
		<truncated>0</truncated>
		<difficult>0</difficult>
		<bndbox>
			<xmin>1659</xmin>
			<ymin>2172</ymin>
			<xmax>1841</xmax>
			<ymax>2528</ymax>
		</bndbox>
	</object>
	<object>
		<name>object</name>
		<pose>Unspecified</pose>
		<truncated>0</truncated>
		<difficult>0</difficult>
		<bndbox>
			<xmin>1855</xmin>
			<ymin>2168</ymin>
			<xmax>2027</xmax>
			<ymax>2525</ymax>
		</bndbox>
	</object>
	<object>
		<name>object</name>
		<pose>Unspecified</pose>
		<truncated>0</truncated>
		<difficult>0</difficult>
		<bndbox>
			<xmin>2035</xmin>
			<ymin>2180</ymin>
			<xmax>2219</xmax>
			<ymax>2506</ymax>
		</bndbox>
	</object>
	<object>
		<name>object</name>
		<pose>Unspecified</pose>
		<truncated>0</truncated>
		<difficult>0</difficult>
		<bndbox>
			<xmin>2266</xmin>
			<ymin>2016</ymin>
			<xmax>2417</xmax>
			<ymax>2282</ymax>
		</bndbox>
	</object>
	<object>
		<name>object</name>
		<pose>Unspecified</pose>
		<truncated>0</truncated>
		<difficult>0</difficult>
		<bndbox>
			<xmin>2246</xmin>
			<ymin>2344</ymin>
			<xmax>2448</xmax>
			<ymax>2616</ymax>
		</bndbox>
	</object>
	<object>
		<name>object</name>
		<pose>Unspecified</pose>
		<truncated>0</truncated>
		<difficult>0</difficult>
		<bndbox>
			<xmin>43</xmin>
			<ymin>2614</ymin>
			<xmax>163</xmax>
			<ymax>2936</ymax>
		</bndbox>
	</object>
	<object>
		<name>object</name>
		<pose>Unspecified</pose>
		<truncated>0</truncated>
		<difficult>0</difficult>
		<bndbox>
			<xmin>172</xmin>
			<ymin>2595</ymin>
			<xmax>341</xmax>
			<ymax>2932</ymax>
		</bndbox>
	</object>
	<object>
		<name>object</name>
		<pose>Unspecified</pose>
		<truncated>0</truncated>
		<difficult>0</difficult>
		<bndbox>
			<xmin>348</xmin>
			<ymin>2595</ymin>
			<xmax>534</xmax>
			<ymax>2924</ymax>
		</bndbox>
	</object>
	<object>
		<name>object</name>
		<pose>Unspecified</pose>
		<truncated>0</truncated>
		<difficult>0</difficult>
		<bndbox>
			<xmin>544</xmin>
			<ymin>2630</ymin>
			<xmax>702</xmax>
			<ymax>2940</ymax>
		</bndbox>
	</object>
	<object>
		<name>object</name>
		<pose>Unspecified</pose>
		<truncated>0</truncated>
		<difficult>0</difficult>
		<bndbox>
			<xmin>732</xmin>
			<ymin>2599</ymin>
			<xmax>906</xmax>
			<ymax>2945</ymax>
		</bndbox>
	</object>
	<object>
		<name>object</name>
		<pose>Unspecified</pose>
		<truncated>0</truncated>
		<difficult>0</difficult>
		<bndbox>
			<xmin>916</xmin>
			<ymin>2591</ymin>
			<xmax>1042</xmax>
			<ymax>2941</ymax>
		</bndbox>
	</object>
	<object>
		<name>object</name>
		<pose>Unspecified</pose>
		<truncated>0</truncated>
		<difficult>0</difficult>
		<bndbox>
			<xmin>1096</xmin>
			<ymin>2579</ymin>
			<xmax>1257</xmax>
			<ymax>2921</ymax>
		</bndbox>
	</object>
	<object>
		<name>object</name>
		<pose>Unspecified</pose>
		<truncated>0</truncated>
		<difficult>0</difficult>
		<bndbox>
			<xmin>1264</xmin>
			<ymin>2583</ymin>
			<xmax>1447</xmax>
			<ymax>2939</ymax>
		</bndbox>
	</object>
	<object>
		<name>object</name>
		<pose>Unspecified</pose>
		<truncated>0</truncated>
		<difficult>0</difficult>
		<bndbox>
			<xmin>1609</xmin>
			<ymin>2571</ymin>
			<xmax>1784</xmax>
			<ymax>2904</ymax>
		</bndbox>
	</object>
	<object>
		<name>object</name>
		<pose>Unspecified</pose>
		<truncated>0</truncated>
		<difficult>0</difficult>
		<bndbox>
			<xmin>2000</xmin>
			<ymin>2579</ymin>
			<xmax>2154</xmax>
			<ymax>2876</ymax>
		</bndbox>
	</object>
	<object>
		<name>object</name>
		<pose>Unspecified</pose>
		<truncated>0</truncated>
		<difficult>0</difficult>
		<bndbox>
			<xmin>2207</xmin>
			<ymin>2693</ymin>
			<xmax>2370</xmax>
			<ymax>2930</ymax>
		</bndbox>
	</object>
	<object>
		<name>object</name>
		<pose>Unspecified</pose>
		<truncated>0</truncated>
		<difficult>0</difficult>
		<bndbox>
			<xmin>282</xmin>
			<ymin>2188</ymin>
			<xmax>481</xmax>
			<ymax>2542</ymax>
		</bndbox>
	</object>
	<object>
		<name>object</name>
		<pose>Unspecified</pose>
		<truncated>0</truncated>
		<difficult>0</difficult>
		<bndbox>
			<xmin>1448</xmin>
			<ymin>1745</ymin>
			<xmax>1631</xmax>
			<ymax>2099</ymax>
		</bndbox>
	</object>
	<object>
		<name>object</name>
		<pose>Unspecified</pose>
		<truncated>0</truncated>
		<difficult>0</difficult>
		<bndbox>
			<xmin>117</xmin>
			<ymin>2196</ymin>
			<xmax>274</xmax>
			<ymax>2540</ymax>
		</bndbox>
	</object>
	<object>
		<name>object</name>
		<pose>Unspecified</pose>
		<truncated>0</truncated>
		<difficult>0</difficult>
		<bndbox>
			<xmin>1836</xmin>
			<ymin>1742</ymin>
			<xmax>2029</xmax>
			<ymax>2098</ymax>
		</bndbox>
	</object>
	<object>
		<name>object</name>
		<pose>Unspecified</pose>
		<truncated>0</truncated>
		<difficult>0</difficult>
		<bndbox>
			<xmin>2039</xmin>
			<ymin>1745</ymin>
			<xmax>2247</xmax>
			<ymax>2105</ymax>
		</bndbox>
	</object>
	<object>
		<name>object</name>
		<pose>Unspecified</pose>
		<truncated>0</truncated>
		<difficult>0</difficult>
		<bndbox>
			<xmin>20</xmin>
			<ymin>2258</ymin>
			<xmax>105</xmax>
			<ymax>2547</ymax>
		</bndbox>
	</object>
</annotation>
